Rk,Player,Pos,Age,Tm,G,GS,MP,FG,FGA,FG%,3P,3PA,3P%,2P,2PA,2P%,eFG%,FT,FTA,FT%,ORB,DRB,TRB,AST,STL,BLK,TOV,PF,PTS,Player-additional
1,Precious Achiuwa,C,23,TOR,53,11,20.5,3.5,7.2,0.48,0.5,1.9,0.26,3,5.3,0.558,0.514,1.6,2.3,0.694,1.8,4,5.8,0.9,0.5,0.6,1.1,1.8,9,achiupr01
2,Steven Adams,C,29,MEM,42,42,27,3.7,6.3,0.597,0,0,0,3.7,6.2,0.599,0.597,1.1,3.1,0.364,5.1,6.5,11.5,2.3,0.9,1.1,1.9,2.3,8.6,adamsst01
3,Bam Adebayo,C,25,MIA,73,73,35.2,8.1,15.1,0.539,0,0.2,0.083,8.1,14.9,0.544,0.54,4.4,5.5,0.806,2.4,6.8,9.3,3.3,1.2,0.8,2.6,2.8,20.7,adebaba01
4,Ochai Agbaji,SG,22,UTA,56,19,19.9,2.6,5.9,0.439,1.4,3.7,0.379,1.2,2.2,0.54,0.558,0.9,1.1,0.806,0.8,1.3,2.1,1,0.3,0.3,0.6,1.6,7.5,agbajoc01
5,Santi Aldama,PF,22,MEM,77,20,21.8,3.2,6.8,0.47,1.2,3.5,0.353,2,3.4,0.591,0.56,1.4,1.9,0.75,1.1,3.7,4.8,1.3,0.6,0.6,0.8,1.9,9,aldamsa01
6,Nickeil Alexander-Walker,SG,24,TOT,57,3,14.9,2.2,5,0.438,1,2.6,0.373,1.2,2.3,0.511,0.537,0.7,1.1,0.667,0.2,1.5,1.8,1.8,0.5,0.4,0.9,1.5,6,alexani01
6,Nickeil Alexander-Walker,SG,24,UTA,36,3,14.7,2.3,4.7,0.488,1,2.4,0.402,1.3,2.3,0.578,0.591,0.8,1.1,0.692,0.2,1.4,1.6,2.1,0.7,0.4,1.3,1.6,6.3,alexani01
6,Nickeil Alexander-Walker,SG,24,MIN,21,0,15.4,2,5.4,0.363,1,3,0.333,1,2.4,0.4,0.456,0.6,1,0.619,0.3,1.7,2,1.3,0.3,0.3,0.4,1.2,5.5,alexani01
7,Grayson Allen,SG,27,MIL,72,70,27.4,3.4,7.7,0.44,2,5.1,0.399,1.4,2.7,0.518,0.571,1.6,1.8,0.905,0.8,2.4,3.3,2.3,0.9,0.2,1,1.6,10.4,allengr01
8,Jarrett Allen,C,24,CLE,67,67,33,6,9.3,0.645,0,0.1,0.111,6,9.1,0.653,0.645,2.4,3.3,0.733,3.3,6.6,9.9,1.7,0.8,1.2,1.4,2.3,14.4,allenja01
9,Jose Alvarado,PG,24,NOP,61,10,21.5,3.3,8,0.411,1.4,4,0.336,1.9,4,0.488,0.496,1.1,1.3,0.813,0.5,1.9,2.3,3,1.1,0.2,1.3,2,9,alvarjo01
10,Kyle Anderson,PF,29,MIN,67,46,28.3,3.7,7.2,0.509,0.6,1.5,0.416,3,5.7,0.534,0.553,1.5,2,0.735,1,4.4,5.3,4.9,1.1,0.9,1.5,2.2,9.4,anderky01
11,Giannis Antetokounmpo,PF,28,MIL,63,63,32.1,11.2,20.3,0.553,0.7,2.7,0.275,10.5,17.6,0.596,0.572,7.9,12.3,0.645,2.2,9.6,11.8,5.7,0.8,0.8,3.9,3.1,31.1,antetgi01
12,Thanasis Antetokounmpo,SF,30,MIL,35,0,4,0.3,0.8,0.37,0,0.1,0,0.3,0.6,0.455,0.37,0.1,0.3,0.417,0.3,0.6,0.9,0.2,0.1,0.1,0.3,0.5,0.7,antetth01
13,Cole Anthony,PG,22,ORL,59,3,25.8,4.6,10.1,0.456,1.2,3.4,0.365,3.4,6.7,0.503,0.518,2.6,2.9,0.894,0.8,4,4.7,3.9,0.6,0.5,1.5,2.7,13,anthoco01
14,OG Anunoby,SF,25,TOR,66,66,35.7,6.3,13.3,0.478,2.1,5.5,0.388,4.2,7.8,0.541,0.558,2.1,2.5,0.838,1.4,3.6,5,2,1.9,0.8,2,3,16.9,anunoog01
15,Ryan Arcidiacono,PG,28,TOT,20,4,8.6,0.5,1.9,0.243,0.4,1.2,0.348,0.1,0.7,0.071,0.351,0,0,,0,0.8,0.8,1.2,0.3,0,0.4,0.9,1.3,arcidry01
15,Ryan Arcidiacono,PG,28,NYK,11,0,2.4,0.1,0.5,0.2,0.1,0.3,0.333,0,0.2,0,0.3,0,0,,0,0.4,0.4,0.2,0.2,0,0.1,0.3,0.3,arcidry01
15,Ryan Arcidiacono,PG,28,POR,9,4,16.2,0.9,3.6,0.25,0.8,2.2,0.35,0.1,1.3,0.083,0.359,0,0,,0,1.2,1.2,2.3,0.3,0,0.7,1.6,2.6,arcidry01
16,Deni Avdija,SF,22,WAS,76,40,26.6,3.3,7.6,0.437,0.9,3.1,0.297,2.4,4.6,0.53,0.497,1.6,2.2,0.739,1,5.4,6.4,2.8,0.9,0.4,1.6,2.8,9.2,avdijde01
17,Deandre Ayton,C,24,PHO,66,66,30.4,7.8,13.3,0.587,0.1,0.4,0.292,7.7,12.9,0.595,0.591,2.3,3,0.758,2.6,7.5,10,1.7,0.6,0.8,1.8,2.8,18,aytonde01
18,Udoka Azubuike,C,23,UTA,33,1,8.4,1.3,1.6,0.815,0,0,,1.3,1.6,0.815,0.815,0.2,0.5,0.313,0.8,2.1,2.9,0.3,0.2,0.4,0.5,0.9,2.8,azubuud01
19,Marvin Bagley III,C,23,DET,40,25,23.7,4.8,9,0.535,0.4,1.5,0.262,4.4,7.5,0.59,0.557,1.9,2.5,0.752,2.3,4.1,6.4,0.9,0.5,0.7,1.1,2,12,baglema01
20,Patrick Baldwin Jr.,SF,20,GSW,29,0,7.4,1.4,3.5,0.396,1,2.7,0.385,0.3,0.8,0.435,0.545,0.1,0.2,0.667,0,1.2,1.3,0.3,0.2,0.1,0.4,0.5,3.9,baldwpa01
21,LaMelo Ball,PG,21,CHO,36,36,35.2,8.2,20,0.411,4,10.6,0.376,4.2,9.4,0.45,0.51,2.8,3.4,0.836,1.2,5.3,6.4,8.4,1.3,0.3,3.6,3.3,23.3,ballla01
22,Mo Bamba,C,24,TOT,47,7,16.2,2.5,5.1,0.487,1,2.6,0.39,1.4,2.4,0.591,0.588,0.9,1.3,0.661,1.2,3.5,4.7,1,0.3,0.9,0.6,2.2,6.8,bambamo01
22,Mo Bamba,C,24,ORL,40,6,17,2.7,5.4,0.495,1.1,2.7,0.398,1.6,2.7,0.594,0.596,0.9,1.3,0.686,1.2,3.4,4.6,1.1,0.3,1,0.6,2.2,7.3,bambamo01
22,Mo Bamba,C,24,LAL,7,1,11.6,1.4,3.4,0.417,0.7,2.1,0.333,0.7,1.3,0.556,0.521,0.9,1.6,0.545,1.3,4,5.3,0.6,0.1,0.6,1.1,2.4,4.4,bambamo01
23,Paolo Banchero,PF,20,ORL,72,72,33.8,6.7,15.6,0.427,1.2,4,0.298,5.5,11.6,0.471,0.465,5.5,7.4,0.738,1.2,5.7,6.9,3.7,0.8,0.5,2.8,2.2,20,banchpa01
24,Desmond Bane,SG,24,MEM,57,57,31.8,7.8,16.3,0.479,2.8,7,0.407,4.9,9.3,0.533,0.566,3.2,3.6,0.883,0.8,4.2,5,4.4,1,0.4,2.2,2.6,21.6,banede01
25,Dalano Banton,PG,23,TOR,29,2,8.8,1.6,3.9,0.404,0.4,1.6,0.283,1.1,2.3,0.485,0.461,0.6,0.7,0.762,0.3,1,1.3,1,0.4,0.4,0.6,1.1,4.2,bantoda01
26,Dominick Barlow,SF,19,SAS,25,0,13.2,1.4,2.6,0.523,0,0.2,0,1.4,2.4,0.557,0.523,0.5,0.7,0.706,1.5,1.6,3,0.8,0.3,0.7,0.6,1.9,3.2,barlodo01
27,Harrison Barnes,PF,30,SAC,80,80,32.7,4.6,9.7,0.47,1.6,4.3,0.367,3,5.4,0.551,0.551,4.3,5.1,0.848,1.1,3.5,4.5,1.6,0.7,0.1,1.1,1.3,15,barneha02
28,Scottie Barnes,PF,21,TOR,75,74,35,6.1,13.3,0.457,0.8,2.9,0.286,5.2,10.4,0.506,0.489,2.5,3.2,0.774,2.4,4.4,6.8,4.8,1.1,0.8,2,2.2,15.5,barnesc01
29,RJ Barrett,SG,22,NYK,71,71,33.8,6.9,16,0.433,1.7,5.3,0.317,5.2,10.7,0.491,0.486,4,5.3,0.743,0.8,4.2,5.1,2.7,0.4,0.2,2.3,2.4,19.5,barrerj01
30,Will Barton,SG,32,TOT,54,2,17.8,2.4,6.4,0.376,1.2,3.2,0.364,1.2,3.2,0.387,0.467,0.7,0.9,0.787,0.2,2.2,2.4,2.1,0.5,0.2,0.9,1,6.7,bartowi01
30,Will Barton,SG,32,WAS,40,0,19.6,2.8,7.1,0.386,1.3,3.5,0.377,1.5,3.7,0.395,0.477,0.9,1.1,0.778,0.3,2.5,2.8,2.4,0.4,0.3,1.1,1,7.7,bartowi01
30,Will Barton,SG,32,TOR,14,2,12.9,1.4,4.4,0.328,0.8,2.5,0.314,0.6,1.9,0.346,0.418,0.1,0.1,1,0.2,1.2,1.4,1.1,0.6,0.2,0.2,1.1,3.8,bartowi01
31,Charles Bassey,C,22,SAS,35,2,14.5,2.5,3.9,0.644,0.1,0.2,0.375,2.4,3.6,0.661,0.656,0.6,1.1,0.595,2.1,3.4,5.5,1.3,0.5,0.9,1.2,2.1,5.7,bassech01
32,Keita Bates-Diop,SF,27,SAS,64,39,21.5,3.3,6.6,0.504,0.8,2,0.389,2.5,4.6,0.554,0.564,1.6,2,0.794,1,2.7,3.6,1.4,0.7,0.3,0.8,1,9.1,bateske01
33,Nicolas Batum,PF,34,LAC,76,17,21.9,2.1,4.9,0.42,1.6,4.1,0.39,0.5,0.8,0.563,0.582,0.4,0.6,0.708,0.8,3,3.8,1.5,0.7,0.6,0.7,1.9,6.2,batumni01
34,Darius Bazley,PF,22,TOT,41,1,14.2,1.8,4,0.446,0.5,1.2,0.388,1.3,2.9,0.47,0.503,0.9,1.6,0.552,0.7,2.4,3.1,0.9,0.5,0.8,0.6,1,5,bazleda01
34,Darius Bazley,PF,22,OKC,36,1,15.4,2,4.4,0.449,0.5,1.3,0.4,1.5,3.1,0.469,0.506,1,1.8,0.554,0.8,2.6,3.4,0.9,0.5,0.8,0.6,1,5.4,bazleda01
34,Darius Bazley,PF,22,PHO,5,0,5.4,0.6,1.6,0.375,0.2,0.8,0.25,0.4,0.8,0.5,0.438,0.2,0.4,0.5,0.2,1,1.2,0.8,0.4,0.4,0.6,1,1.6,bazleda01
35,Bradley Beal,SG,29,WAS,50,50,33.5,8.9,17.6,0.506,1.6,4.4,0.365,7.3,13.2,0.552,0.551,3.8,4.6,0.842,0.8,3.1,3.9,5.4,0.9,0.7,2.9,2.1,23.2,bealbr01
36,Malik Beasley,SG,26,TOT,79,27,25.8,4.5,11.6,0.393,2.9,8.1,0.357,1.7,3.5,0.478,0.518,0.6,0.7,0.776,0.4,3.1,3.5,1.5,0.8,0.1,1.1,1.3,12.5,beaslma01
36,Malik Beasley,SG,26,UTA,55,13,26.8,4.8,12.2,0.396,3.1,8.6,0.359,1.7,3.6,0.485,0.522,0.7,0.8,0.841,0.5,3.1,3.6,1.7,0.8,0.1,1.1,1.4,13.4,beaslma01
36,Malik Beasley,SG,26,LAL,24,14,23.7,3.9,10.2,0.385,2.5,7,0.351,1.5,3.2,0.461,0.506,0.3,0.6,0.571,0.3,3,3.3,1.1,0.8,0,1.3,1.2,10.6,beaslma01
37,MarJon Beauchamp,SF,22,MIL,50,9,12.6,1.8,4.4,0.403,0.8,2.6,0.326,0.9,1.8,0.511,0.498,0.5,0.7,0.697,0.7,1.3,2.1,0.5,0.4,0.1,0.8,1.3,4.9,beaucma01
38,Dāvis Bertāns,PF,30,DAL,43,0,10.4,1.4,3.3,0.421,1.1,2.9,0.387,0.3,0.4,0.688,0.593,0.2,0.3,0.833,0.2,0.8,1,0.5,0.2,0.1,0.2,1.2,4.1,bertada01
39,Patrick Beverley,PG,34,TOT,66,66,27.2,2.2,5.4,0.401,1.2,3.6,0.338,1,1.8,0.525,0.513,0.7,1,0.723,0.7,3,3.7,2.9,0.9,0.6,0.9,2.8,6.3,beverpa01
39,Patrick Beverley,PG,34,LAL,45,45,26.9,2.2,5.4,0.402,1.2,3.5,0.348,0.9,1.8,0.506,0.517,0.9,1.1,0.78,0.5,2.6,3.1,2.6,0.9,0.6,0.9,2.8,6.4,beverpa01
39,Patrick Beverley,PG,34,CHI,21,21,27.7,2.2,5.5,0.397,1.2,3.8,0.316,1,1.8,0.568,0.504,0.4,0.7,0.533,1,4,5,3.4,1,0.7,0.9,2.8,6,beverpa01
40,Saddiq Bey,SF,23,TOT,75,36,27.8,4.6,10.9,0.42,2,5.4,0.36,2.6,5.5,0.479,0.51,2.7,3.2,0.861,1.3,3.5,4.7,1.5,0.9,0.2,0.9,1.6,13.8,beysa01
40,Saddiq Bey,SF,23,DET,52,30,28.8,4.7,11.7,0.404,1.9,5.6,0.345,2.8,6,0.46,0.488,3.5,4,0.861,1.1,3.5,4.7,1.6,1,0.2,1,1.7,14.8,beysa01
40,Saddiq Bey,SF,23,ATL,23,6,25.5,4.3,9.2,0.464,2,5,0.4,2.3,4.2,0.542,0.573,1.1,1.3,0.862,1.6,3.3,4.9,1.3,0.7,0,0.7,1.5,11.6,beysa01
41,Khem Birch,C,30,TOR,20,0,8.1,1,1.6,0.594,0.1,0.1,0.5,0.9,1.5,0.6,0.609,0.2,0.3,0.8,0.4,0.9,1.3,0.4,0.3,0.3,0.4,1.2,2.2,birchkh01
42,Goga Bitadze,C,23,TOT,35,0,11.1,1.7,3.1,0.551,0.2,0.7,0.25,1.5,2.4,0.639,0.579,0.6,1.1,0.526,1.4,1.6,3.1,1,0.4,0.7,0.5,1.7,4.1,bitadgo01
42,Goga Bitadze,C,23,IND,21,0,9.6,1.3,2.5,0.519,0.2,0.7,0.286,1.1,1.8,0.605,0.558,0.5,1.1,0.458,1.2,1.1,2.3,0.9,0.4,0.5,0.6,1.6,3.3,bitadgo01
42,Goga Bitadze,C,23,ORL,14,0,13.4,2.3,3.9,0.582,0.1,0.7,0.2,2.1,3.2,0.667,0.6,0.6,1,0.643,1.8,2.4,4.1,1.3,0.4,0.9,0.4,1.8,5.4,bitadgo01
43,Bismack Biyombo,C,30,PHO,59,13,14.4,2,3.4,0.58,0,0,,2,3.4,0.58,0.58,0.4,1.2,0.338,1.5,2.8,4.3,0.9,0.3,1.4,0.8,1.9,4.3,biyombi01
44,Buddy Boeheim,PG,23,DET,8,0,9.3,0.6,3,0.208,0.5,2.8,0.182,0.1,0.3,0.5,0.292,0.3,0.3,1,0.3,0.4,0.6,0.4,0.3,0,0,0.6,2,boehebu01
45,Bogdan Bogdanović,SG,30,ATL,53,9,28.1,5.1,11.4,0.446,2.7,6.7,0.404,2.4,4.7,0.506,0.565,1.2,1.4,0.829,0.4,2.6,3.1,2.8,0.8,0.3,1.2,1.6,14.1,bogdabo01
46,Bojan Bogdanović,PF,33,DET,59,59,32.1,7.3,14.9,0.488,2.5,6,0.411,4.8,9,0.539,0.57,4.5,5.1,0.884,0.6,3.2,3.8,2.6,0.6,0.1,2.3,1.9,21.6,bogdabo02
47,Bol Bol,PF,23,ORL,67,32,21.4,3.7,6.6,0.566,0.4,1.5,0.293,3.3,5.1,0.644,0.598,1.1,1.5,0.76,1,4.8,5.8,0.9,0.4,1.2,1.6,1.3,9,bolbo01
48,Leandro Bolmaro,SG,22,UTA,14,0,4.9,0.2,1.4,0.15,0,0.3,0,0.2,1.1,0.188,0.15,0,0,,0.3,0.2,0.5,0.5,0.2,0.1,0.5,0.7,0.4,bolmale01
49,Devin Booker,SG,26,PHO,52,52,34.6,10.1,20.3,0.497,2.1,6,0.354,8,14.3,0.556,0.549,5.7,6.7,0.851,0.9,3.7,4.6,5.5,1,0.3,2.8,3,28,bookede01
50,Brandon Boston Jr.,SG,21,LAC,21,1,11.8,2.4,5.8,0.421,0.6,1.4,0.414,1.9,4.4,0.424,0.471,1.4,1.8,0.763,0.3,1,1.4,0.9,0.4,0,0.6,1,6.8,bostobr01
51,Chris Boucher,PF,30,TOR,74,0,20.1,3.4,7,0.493,0.8,2.5,0.326,2.6,4.5,0.588,0.552,1.7,2.2,0.759,2.1,3.5,5.6,0.4,0.6,0.8,0.5,1.9,9.4,bouchch01
52,James Bouknight,SG,22,CHO,32,0,14.5,1.9,5.3,0.363,1,3,0.323,1,2.3,0.413,0.453,0.6,0.8,0.692,0.2,1.9,2.1,1.2,0.4,0.2,0.8,1.3,5.4,bouknja01
53,Jamaree Bouyea,PG,23,TOT,5,0,14.2,1.2,2.8,0.429,0.4,1.2,0.333,0.8,1.6,0.5,0.5,0.2,0.4,0.5,0.2,1,1.2,0.8,0.8,0.4,0.8,1.2,3,bouyeja01
53,Jamaree Bouyea,PG,23,MIA,4,0,16.3,1.5,3.3,0.462,0.5,1.3,0.4,1,2,0.5,0.538,0.3,0.5,0.5,0.3,1,1.3,1,1,0.5,1,1.3,3.8,bouyeja01
53,Jamaree Bouyea,PG,23,WAS,1,0,6,0,1,0,0,1,0,0,0,,0,0,0,,0,1,1,0,0,0,0,1,0,bouyeja01
54,Tony Bradley,C,25,CHI,12,0,2.8,0.5,1,0.5,0.3,0.4,0.6,0.3,0.6,0.429,0.625,0.3,0.3,1,0.1,0.8,0.9,0.1,0.1,0.1,0.1,0.2,1.6,bradlto01
55,Malaki Branham,SF,19,SAS,63,29,23.4,4,9.1,0.443,1.2,3.8,0.311,2.8,5.3,0.538,0.508,0.8,1,0.81,0.4,2.3,2.7,2,0.5,0.1,1.2,1.8,10.1,branhma01
56,Jarrell Brantley,PF,26,UTA,4,0,9.8,2,3.5,0.571,1,2.3,0.444,1,1.3,0.8,0.714,0.5,0.5,1,0.3,1.3,1.5,0.8,0,0.5,0.5,0.8,5.5,brantja01
57,Christian Braun,SG,21,DEN,73,4,15.1,1.8,3.6,0.49,0.4,1.2,0.368,1.3,2.4,0.552,0.552,0.5,0.8,0.6,0.6,1.7,2.3,0.8,0.5,0.2,0.4,1.3,4.4,braunch01
58,Mikal Bridges,SF,26,TOT,81,81,36.1,7.2,15.3,0.471,2.1,5.3,0.391,5.2,10,0.514,0.539,3.8,4.2,0.898,1,3.5,4.4,3.3,1.1,0.8,1.5,1.9,20.4,bridgmi01
58,Mikal Bridges,SF,26,PHO,56,56,36.4,6.3,13.6,0.463,1.8,4.7,0.387,4.5,9,0.503,0.529,2.8,3.1,0.897,1,3.3,4.3,3.6,1.2,0.8,1.4,2.1,17.2,bridgmi01
58,Mikal Bridges,SF,26,BRK,25,25,35.4,9.3,19.2,0.484,2.7,6.8,0.396,6.6,12.4,0.532,0.554,6.1,6.8,0.9,0.9,3.7,4.6,2.8,1,0.6,1.8,1.7,27.4,bridgmi01
59,Oshae Brissett,SF,24,IND,63,2,16.6,1.9,4.8,0.393,0.8,2.4,0.316,1.1,2.4,0.47,0.472,1.5,2.1,0.727,1,2.3,3.3,0.6,0.5,0.2,0.5,1.2,6.1,brissos01
60,Malcolm Brogdon,PG,30,BOS,67,0,26,5.3,10.9,0.484,2,4.4,0.444,3.3,6.5,0.51,0.574,2.4,2.7,0.87,0.6,3.6,4.2,3.7,0.7,0.3,1.5,1.6,14.9,brogdma01
61,Dillon Brooks,SF,27,MEM,72,72,30.3,5.4,13.6,0.397,2,6,0.329,3.4,7.6,0.45,0.469,1.6,2.1,0.776,0.6,2.7,3.3,2.6,0.9,0.2,1.4,3.3,14.4,brookdi01
62,Bruce Brown,SG,26,DEN,78,29,28.3,4.3,9.1,0.479,1.2,3.2,0.361,3.2,5.8,0.544,0.543,1.3,1.8,0.748,0.8,3.3,4.1,3.3,1.1,0.7,1.6,2.4,11.2,brownbr01
63,Greg Brown III,PF,21,POR,16,0,5.8,0.7,1.8,0.393,0.1,0.4,0.143,0.6,1.3,0.476,0.411,0.3,0.8,0.417,0.1,1.1,1.2,0.2,0.3,0.3,0.4,0.8,1.8,browngr01
64,Jaylen Brown,SF,26,BOS,67,67,35.9,10.1,20.6,0.491,2.4,7.3,0.335,7.7,13.4,0.576,0.55,3.9,5.1,0.765,1.2,5.7,6.9,3.5,1.1,0.4,2.9,2.6,26.6,brownja02
65,Kendall Brown,SG,19,IND,6,0,6.7,0.7,1.2,0.571,0,0.2,0,0.7,1,0.667,0.571,0.2,0.3,0.5,0.3,0.7,1,0.5,0.7,0,0.3,1.5,1.5,brownke03
66,Moses Brown,C,23,TOT,36,1,8.2,1.7,2.7,0.635,0,0,,1.7,2.7,0.635,0.635,0.9,2,0.458,1.6,2.3,3.9,0.1,0.1,0.4,0.4,1.1,4.3,brownmo01
66,Moses Brown,C,23,LAC,34,1,8.5,1.8,2.8,0.635,0,0,,1.8,2.8,0.635,0.635,1,2.1,0.458,1.7,2.4,4.1,0.1,0.1,0.4,0.4,1.1,4.6,brownmo01
66,Moses Brown,C,23,BRK,2,0,3,0,0,,0,0,,0,0,,,0,0,,0,0,0,0,0.5,0,0.5,0.5,0,brownmo01
67,Sterling Brown,SG,27,LAL,4,0,6,0,1,0,0,0.5,0,0,0.5,0,0,0,0,,0.8,1.3,2,0.5,0.8,0,0,1,0,brownst02
68,Troy Brown Jr.,SF,23,LAL,74,45,24.6,2.6,6.1,0.43,1.4,3.7,0.377,1.2,2.4,0.511,0.544,0.4,0.5,0.892,0.8,3.2,4,1.2,0.8,0.2,0.7,1.6,7.1,browntr01
69,Jalen Brunson,PG,26,NYK,68,68,35,8.6,17.6,0.491,2,4.7,0.416,6.7,12.8,0.519,0.547,4.8,5.8,0.829,0.6,3,3.5,6.2,0.9,0.2,2.1,2.2,24,brunsja01
70,Thomas Bryant,C,25,TOT,58,26,18.3,3.9,6.2,0.623,0.4,1,0.429,3.5,5.3,0.659,0.657,1.6,2.2,0.738,1.5,4.2,5.7,0.5,0.3,0.5,0.7,1.7,9.8,bryanth01
70,Thomas Bryant,C,25,LAL,41,25,21.4,4.8,7.3,0.654,0.5,1.2,0.44,4.3,6.1,0.697,0.691,2,2.6,0.741,1.6,5.2,6.8,0.7,0.3,0.6,0.7,1.9,12.1,bryanth01
70,Thomas Bryant,C,25,DEN,17,1,10.8,1.6,3.5,0.467,0.1,0.4,0.333,1.5,3.2,0.481,0.483,0.8,1.1,0.722,1.1,2,3.1,0.1,0.1,0.4,0.6,1.4,4.2,bryanth01
71,Reggie Bullock,SF,31,DAL,77,54,30.3,2.5,6,0.409,1.9,5.1,0.38,0.5,0.9,0.562,0.569,0.3,0.5,0.703,0.4,3.2,3.7,1.3,0.7,0.2,0.5,2.1,7.2,bullore01
72,Alec Burks,SG,31,DET,51,8,22,3.9,9,0.436,1.9,4.7,0.414,2,4.3,0.459,0.544,3,3.7,0.814,0.4,2.7,3.1,2.2,0.7,0.2,1.1,1.9,12.8,burksal01
73,Deonte Burton,SG,29,SAC,2,0,3,0,1,0,0,0.5,0,0,0.5,0,0,0,0,,0,0,0,0,0,0,0,0,0,burtode02
74,Jared Butler,SG,22,OKC,4,0,7.3,1.3,2.8,0.455,0.5,1.3,0.4,0.8,1.5,0.5,0.545,0,0,,0,0.3,0.3,1,1,0,0.5,1.3,3,butleja02
75,Jimmy Butler,SF,33,MIA,63,63,33.5,7.5,13.9,0.537,0.6,1.6,0.35,6.9,12.3,0.561,0.557,7.4,8.7,0.851,2.2,3.7,5.9,5.3,1.9,0.3,1.6,1.3,22.9,butleji01
76,John Butler,C,20,POR,16,0,8.8,0.6,2,0.281,0.3,1.4,0.174,0.3,0.6,0.556,0.344,0.1,0.1,1,0.2,0.6,0.8,0.3,0.3,0.4,0,0.9,1.4,butlejo01
77,Jamal Cain,SF,23,MIA,15,0,12.4,1.7,3.3,0.52,0.1,0.8,0.167,1.6,2.5,0.632,0.54,0.8,1.1,0.75,0.8,1.8,2.6,0.6,0.5,0,0.3,1,4.4,cainja01
78,Kentavious Caldwell-Pope,SG,29,DEN,75,75,31.4,3.8,8.3,0.46,1.7,4.1,0.415,2.1,4.1,0.505,0.564,1.4,1.7,0.823,0.5,2.3,2.8,2.4,1.5,0.4,1.1,1.9,10.7,caldwke01
79,Facundo Campazzo,PG,31,DAL,8,0,6.5,0.4,1.6,0.231,0.4,1.4,0.273,0,0.3,0,0.346,0.1,0.3,0.5,0,0.3,0.3,1.1,0.8,0,0.4,0.4,1.3,campafa01
80,Vlatko Čančar,PF,25,DEN,57,8,14.6,1.8,3.8,0.484,0.7,1.9,0.385,1.1,1.9,0.585,0.581,0.6,0.6,0.941,0.4,1.7,2.1,1.4,0.3,0.2,0.6,1.4,4.9,cancavl01
81,Clint Capela,C,28,ATL,64,62,26.5,5.4,8.3,0.651,0,0,0,5.4,8.3,0.652,0.651,1.2,2,0.616,4,7.1,11.1,0.9,0.7,1.2,0.8,2.2,12,capelca01
82,Vernon Carey Jr.,C,21,WAS,11,0,2.5,0.2,0.7,0.25,0,0,,0.2,0.7,0.25,0.25,0.2,0.2,1,0.3,0.7,1,0.3,0.2,0.2,0.2,0.5,0.5,careyve01
83,Jevon Carter,PG,27,MIL,79,38,22.4,3,6.9,0.426,1.7,4.1,0.419,1.2,2.8,0.437,0.551,0.4,0.5,0.816,0.4,2.1,2.5,2.4,0.8,0.4,1,2,8.1,carteje01
84,Wendell Carter Jr.,C,23,ORL,56,53,29.9,5.8,10.9,0.528,1.4,4,0.36,4.3,6.9,0.624,0.593,2.6,3.5,0.738,2.1,6.7,8.8,2.3,0.5,0.6,1.9,2.8,15.5,cartewe01
85,Michael Carter-Williams,PG,31,ORL,1,0,2,0,0,,0,0,,0,0,,,1,2,0.5,0,0,0,0,0,0,0,0,1,cartemi01
86,Alex Caruso,PG,28,CHI,65,34,23.7,1.9,4.3,0.452,0.8,2.3,0.365,1.1,2,0.55,0.548,0.9,1.1,0.808,0.6,2.4,3,2.9,1.5,0.7,1.2,2.4,5.6,carusal01
87,Julian Champagnie,SF,21,TOT,14,1,16.4,2.7,6,0.452,1.4,3.9,0.37,1.3,2.1,0.6,0.571,0.4,0.4,0.833,0.5,2.4,2.9,0.4,0.3,0.4,0.5,1.5,7.2,champju02
87,Julian Champagnie,SF,21,PHI,2,0,3.5,0,1,0,0,0.5,0,0,0.5,0,0,0,0,,0,0,0,0,0.5,0,0,0,0,champju02
87,Julian Champagnie,SF,21,SAS,12,1,18.6,3.2,6.8,0.463,1.7,4.4,0.377,1.5,2.4,0.621,0.585,0.4,0.5,0.833,0.6,2.8,3.4,0.4,0.3,0.4,0.6,1.8,8.4,champju02
88,Justin Champagnie,SF,21,TOR,3,0,3.7,1,1,1,0,0,,1,1,1,1,0,0,,0.3,1,1.3,0.3,0,0,0,0.3,2,champju01
89,Kennedy Chandler,PG,20,MEM,35,0,8,1,2.3,0.42,0.1,0.4,0.133,0.9,1.9,0.485,0.432,0.2,0.4,0.462,0.2,0.8,1,1.7,0.3,0.1,0.5,0.4,2.2,chandke01
90,Max Christie,SG,19,LAL,39,3,13.1,1.1,2.7,0.415,0.7,1.6,0.419,0.5,1.1,0.409,0.538,0.4,0.4,0.875,0.2,1.7,1.9,0.5,0.2,0.2,0.3,0.8,3.3,chrisma02
91,Josh Christopher,SG,21,HOU,62,1,11.9,2.3,5,0.466,0.3,1.4,0.244,2,3.6,0.552,0.5,0.7,0.9,0.759,0.3,0.8,1.1,1.1,0.5,0.2,0.9,0.9,5.7,chrisjo01
92,Brandon Clarke,PF,26,MEM,56,8,19.5,4.1,6.2,0.656,0,0.1,0.167,4.1,6.1,0.665,0.658,1.8,2.4,0.723,1.6,3.9,5.5,1.3,0.6,0.7,1,2.3,10,clarkbr01
93,Jordan Clarkson,SG,30,UTA,61,61,32.6,7.5,16.9,0.444,2.5,7.5,0.338,5,9.4,0.53,0.519,3.3,4,0.816,1.2,2.9,4,4.4,0.5,0.2,3,2,20.8,clarkjo01
94,Nic Claxton,C,23,BRK,75,75,29.8,5.4,7.7,0.706,0,0,0,5.4,7.7,0.708,0.706,1.7,3.3,0.537,2.4,6.8,9.2,1.9,0.8,2.5,1.3,2.8,12.6,claxtni01
95,Amir Coffey,SG,25,LAC,49,9,12.7,1.1,3,0.386,0.2,0.8,0.275,0.9,2.1,0.429,0.424,1,1.3,0.778,0.3,0.7,1.1,1.1,0.1,0.1,0.4,1,3.5,coffeam01
96,John Collins,PF,25,ATL,70,70,30,5,9.9,0.506,1,3.3,0.288,4.1,6.6,0.617,0.555,2,2.5,0.806,1.1,5.4,6.5,1.2,0.6,1,1.1,3.1,13,collijo01
97,Zach Collins,C,25,SAS,62,25,22.7,4.4,8.6,0.515,0.9,2.3,0.375,3.6,6.3,0.567,0.566,1.7,2.2,0.763,1.8,4.5,6.3,2.8,0.6,0.7,2,3.1,11.5,colliza01
98,Mike Conley,PG,35,TOT,65,64,30.3,3.8,9.1,0.424,2,5.2,0.382,1.9,3.9,0.48,0.533,2,2.4,0.835,0.5,2.2,2.8,6.7,1.1,0.2,1.5,2.1,11.7,conlemi01
98,Mike Conley,PG,35,UTA,43,42,29.7,3.6,8.7,0.408,1.8,5,0.362,1.8,3.8,0.469,0.511,1.8,2.2,0.813,0.4,2.1,2.5,7.7,1,0.2,1.7,2.2,10.7,conlemi01
98,Mike Conley,PG,35,MIN,22,22,31.5,4.4,9.8,0.451,2.4,5.7,0.416,2,4.1,0.5,0.572,2.5,2.8,0.871,0.7,2.5,3.3,4.9,1.3,0.2,1.2,1.8,13.6,conlemi01
99,Pat Connaughton,SG,30,MIL,61,33,23.7,2.7,6.9,0.392,1.8,5.3,0.339,0.9,1.6,0.566,0.521,0.4,0.7,0.659,0.8,3.8,4.6,1.3,0.6,0.2,0.5,1.1,7.6,connapa01
100,Xavier Cooks,PF,27,WAS,8,0,8.3,1,1.5,0.667,0,0,,1,1.5,0.667,0.667,0.3,0.3,1,0.6,1.3,1.9,0.8,0.1,0.3,0.8,1,2.3,cooksxa01
101,Robert Covington,PF,32,LAC,46,0,16.3,2.2,4.9,0.44,1.1,2.9,0.388,1,2,0.516,0.556,0.7,0.9,0.75,0.6,2.8,3.4,1.2,0.8,0.7,0.7,1.8,6.1,covinro01
102,Torrey Craig,SF,32,PHO,76,59,24.9,2.8,6.3,0.447,1.3,3.2,0.392,1.6,3.1,0.504,0.547,0.4,0.6,0.711,1.9,3.6,5.5,1.5,0.6,0.8,1,2.3,7.3,craigto01
103,Jae Crowder,SF,32,MIL,16,1,18.2,1.9,4.4,0.429,1.1,2.8,0.386,0.8,1.6,0.5,0.55,0.6,0.8,0.833,1,3,4,1.3,0.5,0.4,0.4,1.5,5.4,crowdja01
104,Jarrett Culver,SG,23,ATL,10,1,13.7,1.7,4.3,0.395,0.1,1.2,0.083,1.6,3.1,0.516,0.407,0.9,1.3,0.692,1,2.8,3.8,0.6,0.6,0.2,0.7,1.4,4.4,culveja01
105,Cade Cunningham,PG,21,DET,12,12,33.3,7.8,18.7,0.415,1.4,5.1,0.279,6.3,13.6,0.466,0.453,3,3.6,0.837,1,5.2,6.2,6,0.8,0.6,3.3,2.8,19.9,cunnica01
106,Seth Curry,SG,32,BRK,60,7,19.9,3.4,7.4,0.46,1.5,3.8,0.399,1.9,3.6,0.526,0.563,0.8,0.9,0.925,0.2,1.4,1.7,1.6,0.6,0.1,0.8,1.6,9.1,curryse01
107,Stephen Curry,PG,34,GSW,54,54,34.9,10,20.4,0.491,4.9,11.5,0.426,5.1,8.9,0.575,0.611,4.6,5,0.915,0.7,5.4,6.1,6.3,0.9,0.4,3.2,2.1,29.6,curryst01
108,Dyson Daniels,PG,19,NOP,58,11,17.8,1.5,3.6,0.42,0.5,1.5,0.314,1,2.1,0.496,0.486,0.4,0.7,0.65,0.6,2.6,3.2,2.3,0.7,0.2,1,1.7,3.9,daniedy01
109,Anthony Davis,C,29,LAL,54,52,34,9.8,17.3,0.568,0.4,1.4,0.26,9.5,16,0.594,0.578,6.3,8.1,0.782,3.5,8.9,12.4,2.6,1,2,2.2,2.6,26.3,davisan02
110,Johnny Davis,SG,20,WAS,26,3,13.3,2.1,5,0.42,0.5,1.8,0.255,1.7,3.2,0.512,0.466,0.5,0.9,0.522,0.3,1.8,2,0.7,0.3,0.3,0.5,1.6,5.2,davisjo06
111,Terence Davis,SG,25,SAC,62,4,12.8,2.4,5.5,0.437,1.4,3.6,0.382,1,1.8,0.544,0.563,0.5,0.7,0.829,0.3,1.9,2.2,1,0.7,0.2,0.8,1.6,6.7,daviste02
112,JD Davison,PG,20,BOS,10,0,2.7,0.5,1.3,0.385,0.1,0.4,0.25,0.4,0.9,0.444,0.423,0,0,,0.1,0.5,0.6,0.6,0.2,0,0.2,0.4,1.1,davisjd01
113,Darius Days,PF,23,HOU,4,0,6.3,1.3,3,0.417,0.8,2.5,0.3,0.5,0.5,1,0.542,0.5,0.5,1,0.3,1.3,1.5,0.3,0,0.3,0,0.5,3.8,daysda01
114,Dewayne Dedmon,C,33,TOT,36,1,10.9,1.9,3.9,0.496,0.3,1.1,0.289,1.6,2.8,0.574,0.536,0.9,1.3,0.696,0.9,2.5,3.4,0.5,0.2,0.5,0.6,1.9,5,dedmode01
114,Dewayne Dedmon,C,33,MIA,30,0,11.7,2.1,4.3,0.496,0.4,1.2,0.297,1.8,3.1,0.576,0.539,1.1,1.5,0.727,0.9,2.7,3.6,0.5,0.2,0.5,0.6,2,5.7,dedmode01
114,Dewayne Dedmon,C,33,PHI,6,1,7.2,0.8,1.7,0.5,0,0.2,0,0.8,1.5,0.556,0.5,0,0.3,0,0.7,1.5,2.2,0.5,0.2,0.8,0.5,1.2,1.7,dedmode01
115,Matthew Dellavedova,PG,32,SAC,32,0,6.7,0.5,1.6,0.34,0.3,0.8,0.333,0.3,0.7,0.348,0.43,0.1,0.2,0.571,0,0.4,0.4,1.3,0.2,0,0.3,0.6,1.5,dellama01
116,DeMar DeRozan,SF,33,CHI,73,73,36.4,8.9,17.6,0.505,0.6,1.9,0.326,8.3,15.8,0.526,0.522,6.2,7.2,0.872,0.5,4.2,4.7,5.1,1.1,0.5,2.1,2.5,24.7,derozde01
117,Moussa Diabaté,PF,21,LAC,21,1,9.2,1.1,2.2,0.5,0,0.1,0.5,1,2.1,0.5,0.511,0.5,0.8,0.625,1.5,0.9,2.3,0.2,0.3,0.4,0.4,0.7,2.7,diabamo01
118,Mamadi Diakite,PF,26,CLE,20,2,6.8,0.8,1.9,0.405,0.3,0.9,0.294,0.5,1,0.5,0.473,0,0,,0.3,0.7,1,0.2,0.1,0.4,0.4,1,1.8,diakima01
119,Hamidou Diallo,SG,24,DET,56,0,17.8,3.8,6.7,0.573,0.1,0.4,0.238,3.8,6.3,0.593,0.58,1.6,2.6,0.588,1,2.4,3.5,1,0.9,0.3,1.3,2.2,9.3,diallha01
120,Gorgui Dieng,C,33,SAS,29,1,10.9,1.3,3.5,0.376,0.6,2.3,0.273,0.7,1.2,0.571,0.465,0.2,0.3,0.75,0.8,2.2,3.1,1.6,0.1,0.4,0.9,1.7,3.4,dienggo01
121,Ousmane Dieng,SF,19,OKC,37,0,14.1,1.8,4.4,0.415,0.6,2.4,0.27,1.2,2,0.587,0.488,0.3,0.5,0.611,0.5,2.1,2.6,1,0.4,0.2,0.6,1.1,4.6,diengou01
122,Spencer Dinwiddie,PG,29,TOT,78,78,34.5,5.9,13.3,0.441,2.3,6.2,0.374,3.6,7.1,0.499,0.528,3.4,4.2,0.811,0.3,3,3.4,6.4,0.8,0.3,1.8,2.4,17.5,dinwisp01
122,Spencer Dinwiddie,PG,29,DAL,53,53,34.1,6,13.1,0.455,2.6,6.4,0.405,3.4,6.7,0.504,0.555,3.2,3.9,0.821,0.4,2.7,3.1,5.3,0.7,0.3,1.7,2.3,17.7,dinwisp01
122,Spencer Dinwiddie,PG,29,BRK,25,25,35.3,5.7,13.8,0.412,1.7,5.7,0.301,4,8.1,0.49,0.474,3.8,4.8,0.793,0.3,3.7,4,8.9,1.1,0.3,2.2,2.4,16.9,dinwisp01
123,Donte DiVincenzo,SG,26,GSW,70,34,26.3,3.2,7.5,0.43,2.1,5.2,0.392,1.2,2.2,0.519,0.568,0.8,1,0.812,1.1,3.4,4.5,3.4,1.3,0.1,1.5,1.9,9.3,divindo01
124,Luka Dončić,PG,23,DAL,65,65,36.6,11,22.1,0.497,2.8,8.2,0.345,8.2,13.9,0.588,0.562,7.8,10.6,0.742,0.8,7.8,8.7,8.1,1.4,0.5,3.6,2.5,32.7,doncilu01
125,Tyler Dorsey,SG,26,DAL,3,0,2.7,1.3,1.7,0.8,0.3,0.7,0.5,1,1,1,0.9,0,0,,0.3,0.3,0.7,0,0,0,0,0,3,dorsety01
126,Luguentz Dort,SG,23,OKC,73,72,30.9,4.6,11.9,0.39,1.8,5.6,0.333,2.8,6.3,0.441,0.468,2.7,3.5,0.773,1.7,2.9,4.6,2.1,1,0.3,1.2,3.3,13.8,dortlu01
127,Ayo Dosunmu,SG,23,CHI,78,50,26.1,3.5,7,0.496,0.7,2.3,0.322,2.7,4.7,0.582,0.549,0.8,1,0.815,0.6,2.1,2.7,2.6,0.8,0.3,1.2,2.3,8.5,dosunay01
128,Devon Dotson,PG,23,WAS,6,0,8.8,0.2,1.7,0.1,0.2,0.7,0.25,0,1,0,0.15,0,0,,1,0.7,1.7,1.3,0.8,0,0.5,1.5,0.5,dotsode01
129,Jeff Dowtin,PG,25,TOR,25,0,10.4,1,2.3,0.439,0.2,0.6,0.313,0.8,1.6,0.488,0.482,0.2,0.4,0.667,0.2,0.7,0.9,1.2,0.4,0.1,0.2,0.5,2.4,dowtije01
130,PJ Dozier,SG,26,SAC,14,0,2.5,0.4,1.1,0.333,0.1,0.5,0.143,0.3,0.6,0.5,0.367,0,0,,0,0.6,0.6,0.1,0.2,0.1,0.1,0.1,0.8,doziepj01
131,Goran Dragić,PG,36,TOT,56,0,14.7,2.3,5.6,0.417,0.9,2.4,0.356,1.5,3.2,0.463,0.494,0.5,0.8,0.674,0.2,1.1,1.3,2.6,0.2,0.1,1.1,1.2,6,dragigo01
131,Goran Dragić,PG,36,CHI,51,0,15.4,2.5,5.9,0.425,0.9,2.5,0.352,1.6,3.4,0.48,0.5,0.5,0.8,0.659,0.3,1.1,1.4,2.7,0.2,0.1,1.1,1.2,6.4,dragigo01
131,Goran Dragić,PG,36,MIL,5,0,7.4,0.6,2.6,0.231,0.6,1.4,0.429,0,1.2,0,0.346,0.4,0.4,1,0,0.6,0.6,1.4,0.4,0,0.6,0.4,2.2,dragigo01
132,Andre Drummond,C,29,CHI,66,0,12.7,2.5,4,0.61,0,0,0,2.5,4,0.617,0.61,1,1.8,0.537,2,4.6,6.6,0.5,0.7,0.4,1.1,1.8,5.9,drumman01
133,Chris Duarte,SF,25,IND,46,12,19.5,2.7,7.2,0.369,1.2,3.8,0.316,1.5,3.5,0.428,0.452,1.3,1.6,0.847,0.4,2.1,2.5,1.4,0.5,0.2,0.9,1.4,7.9,duartch01
134,David Duke Jr.,SG,23,BRK,21,0,8.6,1.4,3,0.46,0,0.4,0.125,1.3,2.6,0.509,0.468,0.3,0.5,0.636,0.4,0.6,1,0.8,0.3,0,0.7,1.3,3.1,dukeda01
135,Kris Dunn,PG,28,UTA,19,0,24,4.7,9.2,0.514,0.7,1.6,0.419,4.1,7.6,0.535,0.551,1.6,2.2,0.732,0.4,3.5,3.9,4.9,1.1,0.5,1.4,2.6,11.7,dunnkr01
136,Kevin Durant,PF-SF,34,TOT,46,46,35.5,10.3,18.3,0.562,1.9,4.8,0.395,8.4,13.6,0.62,0.613,6.6,7.1,0.924,0.4,6.3,6.7,5,0.7,1.4,3.3,2.2,29.1,duranke01
136,Kevin Durant,PF,34,BRK,39,39,36,10.5,18.8,0.559,1.8,4.8,0.376,8.7,14,0.622,0.607,6.8,7.3,0.934,0.4,6.4,6.7,5.3,0.8,1.5,3.5,2.4,29.7,duranke01
136,Kevin Durant,SF,34,PHO,7,7,32.7,9.1,15.7,0.582,2.3,4.4,0.516,6.9,11.3,0.608,0.655,5,5.9,0.854,0.4,5.9,6.3,3.4,0.3,1.3,2.3,1,25.6,duranke01
137,Jalen Duren,C,19,DET,65,29,24.8,3.9,6,0.649,0,0,0,3.9,5.9,0.652,0.649,1.5,2.4,0.611,3.4,5.3,8.7,1.2,0.7,0.9,1.3,2.7,9.2,durenja01
138,Tari Eason,PF,21,HOU,80,5,21.5,3.6,8,0.448,0.7,2.1,0.345,2.9,5.9,0.485,0.494,1.3,1.8,0.75,2.4,3.6,6,1,1.2,0.6,1.2,2.3,9.2,easonta01
139,Anthony Edwards,SG,21,MIN,77,77,36.1,8.9,19.4,0.459,2.7,7.3,0.368,6.2,12.1,0.513,0.528,4,5.3,0.763,0.5,5.2,5.7,4.5,1.5,0.7,3.3,2.4,24.5,edwaran01
140,Kessler Edwards,SF,22,TOT,34,4,10.4,1,2.6,0.386,0.5,1.6,0.302,0.5,1,0.514,0.477,0.3,0.4,0.769,0.6,1.1,1.7,0.6,0.4,0.2,0.4,1.1,2.8,edwarke02
140,Kessler Edwards,SF,22,BRK,14,1,5.6,0.4,1.7,0.25,0.1,0.9,0.167,0.3,0.9,0.333,0.292,0.1,0.1,0.5,0.4,0.6,1,0.1,0.2,0.1,0.3,0.2,1.1,edwarke02
140,Kessler Edwards,SF,22,SAC,20,3,13.7,1.4,3.2,0.438,0.7,2.1,0.341,0.7,1.2,0.609,0.547,0.5,0.6,0.818,0.8,1.5,2.2,1,0.5,0.3,0.5,1.7,4,edwarke02
141,Keon Ellis,SG,23,SAC,14,0,3.8,0.5,0.9,0.538,0.4,0.7,0.6,0.1,0.2,0.333,0.769,0.1,0.2,0.667,0.3,0.3,0.6,0.4,0.2,0.1,0.1,0.7,1.6,elliske01
142,Joel Embiid,C,28,PHI,65,65,34.7,11.1,20.2,0.547,1,3,0.328,10.1,17.2,0.585,0.571,10.1,11.8,0.859,1.7,8.5,10.2,4.2,1,1.7,3.4,3.1,33.3,embiijo01
143,Drew Eubanks,C,25,POR,77,27,20.2,2.7,4.2,0.639,0.1,0.2,0.286,2.6,4,0.655,0.645,1.1,1.6,0.664,1.7,3.6,5.3,1.3,0.5,1.3,0.9,2.2,6.4,eubandr01
144,Bruno Fernando,C,24,TOT,38,4,10.1,1.3,2.7,0.505,0,0.1,0,1.3,2.6,0.515,0.505,0.8,1.2,0.696,1.3,2,3.3,0.8,0.2,0.9,0.6,1.9,3.5,fernabr01
144,Bruno Fernando,C,24,HOU,31,4,11.7,1.5,3,0.516,0,0,0,1.5,3,0.522,0.516,1,1.4,0.682,1.5,2.4,3.9,1,0.2,1,0.6,2.2,4.1,fernabr01
144,Bruno Fernando,C,24,ATL,7,0,2.9,0.4,1.1,0.375,0,0.1,0,0.4,1,0.429,0.375,0.3,0.3,1,0.4,0.3,0.7,0.1,0,0.3,0.4,0.4,1.1,fernabr01
145,Dorian Finney-Smith,PF,29,TOT,65,65,30.6,3,7.6,0.391,1.7,5.2,0.337,1.2,2.5,0.503,0.505,0.7,0.9,0.763,1.7,3.1,4.8,1.5,0.8,0.5,0.9,2.2,8.4,finnedo01
145,Dorian Finney-Smith,PF,29,DAL,40,40,32.2,3.2,7.8,0.416,1.9,5.4,0.355,1.3,2.3,0.559,0.54,0.8,1,0.75,1.7,3,4.7,1.5,1,0.5,0.9,2,9.1,finnedo01
145,Dorian Finney-Smith,PF,29,BRK,25,25,28,2.6,7.4,0.349,1.4,4.7,0.305,1.2,2.7,0.426,0.446,0.6,0.8,0.789,1.8,3.2,5,1.6,0.6,0.6,1,2.5,7.2,finnedo01
146,Malachi Flynn,PG,24,TOR,51,1,12.7,1.5,4.4,0.345,0.9,2.5,0.349,0.6,1.9,0.34,0.445,0.4,0.6,0.724,0.3,1.1,1.4,1.3,0.4,0.1,0.5,1.2,4.4,flynnma01
147,Simone Fontecchio,SF,27,UTA,49,6,14,2,5.5,0.362,1.1,3.4,0.331,0.9,2.1,0.412,0.465,0.7,0.9,0.786,0.5,0.9,1.4,0.7,0.3,0.2,0.7,1.1,5.8,fontesi01
148,Bryn Forbes,SG,29,MIN,25,0,10.7,1.2,3.3,0.361,0.6,1.8,0.304,0.6,1.5,0.432,0.446,0.6,0.6,1,0.2,0.4,0.6,0.7,0.3,0.1,0.5,0.9,3.6,forbebr01
149,Trent Forrest,PG,24,ATL,22,3,11.8,1.1,2.5,0.446,0,0.1,0,1.1,2.5,0.463,0.446,0.1,0.1,0.667,0.2,1.4,1.6,1.5,0.3,0.1,0.7,0.8,2.4,forretr01
150,Michael Foster Jr.,PF,20,PHI,1,0,1,0,0,,0,0,,0,0,,,0,0,,0,0,0,0,0,0,0,0,0,fostemi02
151,Evan Fournier,SG,30,NYK,25,7,17.2,2.1,6.2,0.342,1.3,4.2,0.311,0.8,2,0.408,0.448,0.7,0.8,0.857,0.2,1.7,1.9,1.4,0.6,0.1,0.8,1.8,6.3,fournev01
152,De'Aaron Fox,PG,25,SAC,72,72,33.6,9.4,18.3,0.512,1.6,5.1,0.324,7.8,13.3,0.583,0.556,4.8,6.1,0.78,0.5,3.7,4.2,6.2,1.2,0.3,2.5,2.4,25.2,foxde01
153,Markelle Fultz,PG,24,ORL,58,58,30.2,5.9,11.5,0.515,0.4,1.4,0.313,5.5,10.1,0.544,0.535,1.9,2.4,0.782,1.2,2.8,4,5.8,1.5,0.4,2.4,2.2,14.2,fultzma01
154,Wenyen Gabriel,PF,25,LAL,66,2,15.1,2.3,3.9,0.595,0.2,0.5,0.278,2.2,3.3,0.647,0.615,0.8,1.3,0.619,1.8,2.5,4.2,0.5,0.4,0.5,0.7,2.2,5.6,gabriwe01
155,Daniel Gafford,C,24,WAS,77,46,20.5,3.6,5,0.727,0,0,,3.6,5,0.727,0.727,1.6,2.4,0.672,2.1,3.4,5.5,1,0.4,1.3,1.1,2.4,8.9,gaffoda01
156,Darius Garland,PG,23,CLE,69,69,35.5,7.6,16.4,0.462,2.4,6,0.41,5.1,10.4,0.492,0.537,4,4.7,0.863,0.4,2.3,2.7,7.8,1.2,0.1,2.9,2.1,21.6,garlada01
157,Usman Garuba,PF,20,HOU,73,1,13,1.2,2.3,0.497,0.3,0.8,0.436,0.8,1.6,0.526,0.567,0.4,0.6,0.617,1.6,2.5,4.1,0.9,0.6,0.4,0.6,1.8,3.1,garubus01
158,Luka Garza,C,24,MIN,27,0,8.8,2.3,4.1,0.55,0.5,1.4,0.368,1.7,2.7,0.644,0.613,1.5,1.9,0.788,1.1,1.1,2.2,0.7,0.1,0.1,0.5,1.6,6.6,garzalu01
159,Rudy Gay,PF,36,UTA,56,0,14.6,1.9,5.1,0.38,0.6,2.3,0.254,1.4,2.8,0.484,0.437,0.8,0.9,0.857,0.6,2.3,2.9,1,0.3,0.3,0.7,1.2,5.2,gayru01
160,Paul George,SG,32,LAC,56,56,34.6,8.2,17.9,0.457,2.8,7.6,0.371,5.4,10.3,0.521,0.536,4.6,5.3,0.871,0.8,5.3,6.1,5.1,1.5,0.4,3.1,2.8,23.8,georgpa01
161,Taj Gibson,C,37,WAS,49,2,9.8,1.3,2.6,0.52,0.2,0.5,0.333,1.2,2.1,0.564,0.552,0.6,0.9,0.714,0.7,1.2,1.9,0.7,0.3,0.2,0.5,1.7,3.4,gibsota01
162,Josh Giddey,SG,20,OKC,75,75,31.1,7.1,14.7,0.483,1,3.1,0.323,6.1,11.7,0.525,0.516,1.4,1.9,0.73,2,5.9,7.9,6.1,0.7,0.4,2.8,1.9,16.6,giddejo01
163,Shai Gilgeous-Alexander,PG,24,OKC,67,67,35.5,10.4,20.3,0.512,0.9,2.4,0.35,9.6,17.9,0.534,0.533,9.9,10.9,0.908,0.9,4,4.8,5.4,1.7,1,2.9,2.8,31.5,gilgesh01
164,Anthony Gill,PF,30,WAS,57,7,10.3,1.2,2.1,0.555,0.1,0.4,0.16,1.1,1.6,0.66,0.571,0.8,1.1,0.746,0.6,1,1.6,0.5,0.1,0.2,0.2,1.2,3.2,gillan01
165,Rudy Gobert,C,30,MIN,68,68,31,5.2,7.9,0.657,0,0,0,5.2,7.9,0.661,0.657,3.2,4.9,0.648,3.4,8.4,11.7,1.2,0.8,1.3,1.8,3.1,13.6,goberru01
166,Jordan Goodwin,PG,24,WAS,60,6,17.6,2.5,5.5,0.445,0.6,1.8,0.327,1.9,3.7,0.502,0.498,0.8,1.1,0.769,0.9,2.3,3.2,2.7,0.9,0.4,0.9,1.5,6.3,goodwjo01
167,Aaron Gordon,PF,27,DEN,67,67,30.3,6.3,11.2,0.563,0.9,2.6,0.345,5.4,8.7,0.628,0.603,2.8,4.6,0.608,2.4,4.2,6.6,3,0.8,0.8,1.5,1.9,16.3,gordoaa01
168,Eric Gordon,SG,34,TOT,67,56,28.7,4.3,9.5,0.45,1.9,5.1,0.376,2.4,4.4,0.536,0.551,2.1,2.6,0.821,0.2,1.7,2,2.7,0.6,0.4,1.5,1.1,12.6,gordoer01
168,Eric Gordon,SG,34,HOU,47,47,30.2,4.5,10.2,0.439,1.8,5.2,0.347,2.7,5,0.536,0.528,2.3,2.9,0.815,0.3,1.8,2.1,2.9,0.6,0.4,1.8,1,13.1,gordoer01
168,Eric Gordon,SG,34,LAC,20,9,25.4,3.9,8,0.481,2.2,4.9,0.449,1.7,3.1,0.532,0.619,1.6,1.9,0.842,0.2,1.6,1.8,2.3,0.6,0.4,1,1.5,11.5,gordoer01
169,Devonte' Graham,PG,27,TOT,73,8,18.3,2.2,5.9,0.374,1.6,4.6,0.352,0.6,1.3,0.452,0.512,1.3,1.8,0.748,0.3,1.4,1.7,2.7,0.6,0.2,0.7,1.1,7.4,grahade01
169,Devonte' Graham,PG,27,NOP,53,0,15.3,1.6,4.4,0.368,1.2,3.6,0.347,0.4,0.8,0.463,0.511,0.8,1.1,0.746,0.2,1.1,1.4,2.2,0.6,0.2,0.5,0.9,5.3,grahade01
169,Devonte' Graham,PG,27,SAS,20,8,26.4,3.8,10,0.38,2.7,7.4,0.358,1.2,2.6,0.442,0.513,2.7,3.6,0.75,0.4,2.2,2.5,4,0.8,0.3,1.3,1.6,13,grahade01
170,Jerami Grant,PF,28,POR,63,63,35.7,6.9,14.5,0.475,2.3,5.7,0.401,4.6,8.8,0.523,0.554,4.4,5.4,0.813,0.8,3.7,4.5,2.4,0.8,0.8,1.8,2.4,20.5,grantje01
171,A.J. Green,SG,23,MIL,34,0,9.7,1.5,3.5,0.429,1.2,2.9,0.42,0.3,0.6,0.474,0.605,0.1,0.1,1,0.2,1.1,1.3,0.6,0.2,0,0.3,0.9,4.4,greenaj01
172,Danny Green,SG,35,TOT,9,0,9.8,1,2.6,0.391,0.9,2,0.444,0.1,0.6,0.2,0.565,0.1,0.1,1,0.2,0.6,0.8,0.2,0.3,0.1,0.7,1.1,3,greenda02
172,Danny Green,SG,35,MEM,3,0,14.3,1,3.7,0.273,1,2.7,0.375,0,1,0,0.409,0,0,,0.3,1,1.3,0.7,0.3,0,1,2,3,greenda02
172,Danny Green,SG,35,CLE,6,0,7.5,1,2,0.5,0.8,1.7,0.5,0.2,0.3,0.5,0.708,0.2,0.2,1,0.2,0.3,0.5,0,0.3,0.2,0.5,0.7,3,greenda02
173,Draymond Green,PF,32,GSW,71,71,31.6,3.4,6.5,0.528,0.5,1.8,0.307,2.9,4.7,0.612,0.57,1.1,1.5,0.713,0.9,6.4,7.3,6.9,1,0.8,2.8,3.2,8.5,greendr01
174,Jalen Green,SG,20,HOU,74,74,34.3,7.5,17.9,0.416,2.5,7.3,0.337,5,10.6,0.471,0.485,4.8,6.1,0.788,0.6,3.2,3.8,3.7,0.8,0.2,2.7,1.8,22.2,greenja05
175,JaMychal Green,PF,32,GSW,56,1,14,2.4,4.5,0.54,0.8,2,0.382,1.7,2.5,0.664,0.624,0.9,1.2,0.776,1.3,2.4,3.6,0.9,0.4,0.4,0.9,1.9,6.5,greenja01
176,Javonte Green,SG,29,CHI,31,1,15.1,2,3.4,0.575,0.4,1.1,0.382,1.5,2.3,0.667,0.637,0.9,1.4,0.674,0.9,1.9,2.7,0.7,0.7,0.7,0.6,1.7,5.3,greenja02
177,Jeff Green,PF,36,DEN,54,4,19.6,2.9,5.9,0.487,0.5,1.8,0.278,2.4,4.1,0.579,0.53,1.5,2.1,0.748,0.7,1.9,2.6,1.2,0.3,0.3,0.8,1.8,7.8,greenje02
178,Josh Green,SG,22,DAL,60,21,25.7,3.4,6.4,0.537,1.1,2.8,0.402,2.3,3.6,0.643,0.626,1.1,1.6,0.723,0.9,2.1,3,1.7,0.7,0.1,1.2,2.6,9.1,greenjo02
179,AJ Griffin,SF,19,ATL,71,11,19.3,3.4,7.3,0.467,1.4,3.6,0.394,2,3.7,0.538,0.563,0.6,0.6,0.909,0.5,1.6,2.1,1,0.6,0.2,0.6,1.2,8.8,griffaj01
180,Blake Griffin,C,33,BOS,39,15,13.9,1.6,3.2,0.488,0.5,1.6,0.344,1,1.6,0.625,0.572,0.5,0.8,0.656,1.2,2.7,3.8,1.4,0.3,0.2,0.5,1.8,4.2,griffbl01
181,Quentin Grimes,SG,22,NYK,69,64,29.8,3.9,8.4,0.465,2.1,5.6,0.381,1.8,2.8,0.637,0.593,1.1,1.4,0.794,0.7,2.6,3.3,2.1,0.7,0.4,1,2.5,11.1,grimequ01
182,Rui Hachimura,PF,24,TOT,61,9,23.3,4.5,9.2,0.488,0.8,2.5,0.327,3.7,6.7,0.548,0.532,1.4,1.9,0.741,0.8,3.7,4.5,0.9,0.3,0.4,0.9,1.2,11.2,hachiru01
182,Rui Hachimura,PF,24,WAS,30,0,24.3,5.3,10.8,0.488,1,3,0.337,4.3,7.8,0.545,0.534,1.5,1.9,0.759,0.6,3.6,4.3,1.2,0.4,0.4,1.2,1.3,13,hachiru01
182,Rui Hachimura,PF,24,LAL,31,9,22.3,3.7,7.7,0.487,0.6,2.1,0.313,3.1,5.6,0.552,0.529,1.4,1.9,0.724,1,3.7,4.7,0.6,0.3,0.4,0.5,1.1,9.5,hachiru01
183,Tyrese Haliburton,PG,22,IND,56,56,33.6,7.4,15,0.49,2.9,7.2,0.4,4.5,7.8,0.572,0.586,3.1,3.6,0.871,0.6,3.1,3.7,10.4,1.6,0.4,2.5,1.2,20.7,halibty01
184,Jordan Hall,SF,21,SAS,9,0,9.2,1,3.1,0.321,0.3,1.7,0.2,0.7,1.4,0.462,0.375,0.8,1,0.778,0.3,1,1.3,1.2,0.1,0,0.8,0.7,3.1,halljo02
185,R.J. Hampton,PG,21,TOT,45,1,15.9,2.2,5,0.429,0.9,2.5,0.363,1.2,2.5,0.496,0.52,1.3,1.7,0.75,0.4,1.4,1.8,1.2,0.6,0.2,0.9,1.1,6.5,hamptrj01
185,R.J. Hampton,PG,21,ORL,26,0,13.9,1.9,4.4,0.439,0.7,2,0.34,1.2,2.3,0.525,0.518,1.2,1.4,0.838,0.3,1.2,1.5,1.3,0.6,0.2,0.8,0.8,5.7,hamptrj01
185,R.J. Hampton,PG,21,DET,19,1,18.6,2.5,5.9,0.42,1.2,3.2,0.383,1.3,2.7,0.462,0.522,1.4,2.1,0.667,0.4,1.8,2.2,0.9,0.5,0.2,1.1,1.4,7.5,hamptrj01
186,Tim Hardaway Jr.,SG,30,DAL,71,45,30.3,4.8,11.9,0.401,3,7.7,0.385,1.8,4.2,0.431,0.527,1.8,2.3,0.77,0.3,3.2,3.5,1.8,0.7,0.2,0.8,1.7,14.4,hardati02
187,James Harden,PG,33,PHI,57,57,37,6.4,14.6,0.441,2.8,7.2,0.386,3.6,7.3,0.495,0.537,5.5,6.3,0.866,0.7,5.4,6.1,10.8,1.2,0.5,3.4,1.9,21.1,hardeja01
188,Jaden Hardy,SG,20,DAL,46,3,14.4,2.9,6.5,0.439,1.3,3.1,0.415,1.6,3.5,0.459,0.537,1.4,1.7,0.818,0.2,1.5,1.7,1.3,0.4,0.2,1,1.4,8.4,hardyja02
189,Ron Harper Jr.,SF,22,TOR,7,0,3.1,0.6,1.3,0.444,0.3,0.7,0.4,0.3,0.6,0.5,0.556,0,0,,0.3,0.1,0.4,0.3,0,0.1,0,0.1,1.4,harpero02
190,Montrezl Harrell,C,29,PHI,54,7,11.8,2.1,3.5,0.595,0,0.1,0,2.1,3.4,0.608,0.595,1.1,1.6,0.69,1.1,1.5,2.6,0.6,0.3,0.5,0.6,1.4,5.3,harremo01
191,Gary Harris,SG,28,ORL,48,42,24.7,2.9,6.4,0.45,2,4.5,0.431,0.9,1.9,0.494,0.603,0.6,0.6,0.9,0.4,1.6,2,1.2,0.9,0.3,0.6,1.9,8.3,harriga01
192,Joe Harris,SG,31,BRK,73,33,20.7,2.7,6,0.459,1.9,4.5,0.429,0.8,1.5,0.551,0.62,0.2,0.3,0.6,0.3,1.9,2.2,1.4,0.5,0.2,0.6,1.9,7.6,harrijo01
193,Kevon Harris,SG,25,ORL,31,0,12.4,1.1,2.7,0.41,0.4,1,0.367,0.7,1.7,0.434,0.476,0.7,0.9,0.815,0.8,1.1,1.9,0.4,0.5,0.1,0.5,1.4,3.3,harrike01
194,Tobias Harris,PF,30,PHI,73,73,33,5.7,11.5,0.501,1.7,4.4,0.389,4,7.1,0.57,0.575,1.5,1.7,0.874,0.9,4.8,5.7,2.5,0.9,0.5,1.2,2,14.7,harrito02
195,Shaquille Harrison,SG,29,POR,3,0,23,2.3,5.7,0.412,0.7,1.7,0.4,1.7,4,0.417,0.471,1.7,2.7,0.625,0,4,4,3.7,1.7,0,1,2.3,7,harrish01
196,Josh Hart,SF-SG,27,TOT,74,52,32.4,3.6,6.8,0.535,0.8,2.2,0.381,2.8,4.6,0.606,0.595,1.7,2.3,0.746,1.9,5.9,7.8,3.8,1.2,0.3,1.5,2.6,9.8,hartjo01
196,Josh Hart,SF,27,POR,51,51,33.4,3.6,7.1,0.504,0.7,2.2,0.304,2.9,4.9,0.594,0.551,1.7,2.3,0.731,1.9,6.3,8.2,3.9,1.1,0.2,1.5,2.6,9.5,hartjo01
196,Josh Hart,SG,27,NYK,23,1,30,3.7,6.1,0.614,1.2,2.1,0.563,2.6,4,0.641,0.711,1.7,2.2,0.78,1.9,5,6.9,3.7,1.4,0.5,1.5,2.5,10.3,hartjo01
197,Isaiah Hartenstein,C,24,NYK,80,7,19.8,2.1,4,0.536,0.1,0.5,0.216,2,3.5,0.578,0.549,0.6,0.9,0.676,2.6,4,6.6,1.2,0.7,0.8,0.8,2.6,5,harteis01
198,Udonis Haslem,C,42,MIA,6,1,7.7,0.2,2,0.083,0,0.3,0,0.2,1.7,0.1,0.083,0.2,0.3,0.5,0.7,0.7,1.3,0,0.2,0.2,0,1.3,0.5,hasleud01
199,Sam Hauser,PF,25,BOS,78,6,15.6,2.1,4.7,0.442,1.6,4,0.408,0.4,0.7,0.636,0.615,0.2,0.2,0.706,0.4,2.1,2.5,0.8,0.4,0.3,0.3,1.2,5.9,hausesa01
200,Jaxson Hayes,C,22,NOP,47,2,13,1.8,3.3,0.551,0.1,0.6,0.103,1.8,2.7,0.654,0.561,1.2,1.8,0.699,0.8,2,2.8,0.7,0.4,0.4,0.7,1.4,5,hayesja02
201,Killian Hayes,PG,21,DET,74,54,28,3.9,10.5,0.373,1,3.7,0.273,2.9,6.9,0.426,0.42,1.1,1.3,0.804,0.3,2.5,2.8,6.2,1.4,0.4,2.3,2.9,9.9,hayeski01
202,Gordon Hayward,SF,32,CHO,50,50,31.5,5.5,11.6,0.475,1,3.2,0.325,4.5,8.4,0.532,0.52,2.6,3.2,0.811,0.7,3.6,4.3,4.1,0.8,0.2,2,1.4,14.7,haywago01
203,Juancho Hernangómez,PF,27,TOR,42,10,14.6,1.1,2.7,0.421,0.4,1.6,0.254,0.7,1.1,0.66,0.496,0.2,0.4,0.563,0.6,2.3,2.9,0.6,0.4,0.1,0.4,1,2.9,hernaju01
204,Willy Hernangómez,C,28,NOP,38,2,12.1,2.3,4.4,0.527,0.1,0.3,0.273,2.3,4.2,0.544,0.536,2.1,2.7,0.779,1.5,3.2,4.7,0.9,0.4,0.3,1,1.7,6.9,hernawi01
205,Tyler Herro,SG,23,MIA,65,65,35.3,7.4,16.8,0.439,3,8.1,0.375,4.3,8.6,0.499,0.53,2.5,2.7,0.932,0.4,5,5.5,4.2,0.8,0.2,2.4,1.6,20.3,herroty01
206,Buddy Hield,SF,30,IND,78,73,31.2,5.9,13.1,0.455,3.6,8.5,0.421,2.4,4.6,0.517,0.591,1.3,1.6,0.824,0.8,4.1,5,2.8,1.2,0.3,1.7,2,16.8,hieldbu01
207,Haywood Highsmith,SF,26,MIA,51,9,17.5,1.7,3.9,0.429,0.7,2,0.35,1,1.9,0.516,0.52,0.2,0.5,0.462,1,2.4,3.3,0.7,0.7,0.3,0.7,1.5,4.3,highsha01
208,George Hill,PG,36,TOT,44,1,18,1.6,3.5,0.455,0.6,2,0.322,1,1.5,0.627,0.545,0.9,1.1,0.76,0.3,1.5,1.8,2.3,0.6,0.1,0.7,1.2,4.7,hillge01
208,George Hill,PG,36,MIL,35,0,19.1,1.7,3.8,0.447,0.7,2.1,0.311,1,1.7,0.621,0.534,1,1.3,0.739,0.4,1.5,1.9,2.5,0.5,0.1,0.8,1.2,5,hillge01
208,George Hill,PG,36,IND,9,1,14,1.2,2.4,0.5,0.6,1.4,0.385,0.7,1,0.667,0.614,0.4,0.4,1,0.1,1.4,1.6,1.4,0.7,0.3,0.6,1.1,3.4,hillge01
209,Malcolm Hill,SF,27,CHI,5,0,1.8,0.4,0.8,0.5,0.2,0.6,0.333,0.2,0.2,1,0.625,0,0,,0,0.6,0.6,0,0,0,0,0.2,1,hillma01
210,Aaron Holiday,PG,26,ATL,61,5,13.3,1.5,3.4,0.428,0.6,1.4,0.422,0.9,2,0.432,0.512,0.4,0.5,0.844,0.4,0.8,1.2,1.4,0.6,0.2,0.5,1.3,3.9,holidaa01
211,Jrue Holiday,PG,32,MIL,67,65,32.6,7.3,15.3,0.479,2.4,6.1,0.384,5,9.1,0.542,0.556,2.3,2.6,0.859,1.2,3.9,5.1,7.4,1.2,0.4,2.9,1.7,19.3,holidjr01
212,Justin Holiday,SG,33,TOT,44,2,14.9,1.6,4.2,0.38,1,3,0.333,0.6,1.2,0.5,0.5,0.1,0.2,0.714,0.1,1,1.1,0.9,0.4,0.4,0.5,1.4,4.3,holidju01
212,Justin Holiday,SG,33,ATL,28,0,14.7,1.7,4.5,0.384,1.1,3.1,0.345,0.6,1.4,0.474,0.504,0,0,,0.1,0.8,0.8,0.9,0.2,0.4,0.4,1.3,4.5,holidju01
212,Justin Holiday,SG,33,DAL,16,2,15.4,1.4,3.7,0.373,0.9,2.8,0.311,0.5,0.9,0.571,0.492,0.3,0.4,0.714,0.1,1.4,1.5,0.8,0.7,0.5,0.6,1.6,3.9,holidju01
213,Richaun Holmes,C,29,SAC,40,1,8.1,1.3,1.9,0.658,0.1,0.2,0.667,1.2,1.8,0.657,0.684,0.4,0.5,0.789,0.7,1.2,1.9,0.2,0.1,0.3,0.4,1.2,3,holmeri01
214,Al Horford,C,36,BOS,62,62,30.6,3.6,7.6,0.476,2.3,5.1,0.447,1.3,2.5,0.536,0.626,0.2,0.3,0.714,1.2,5,6.2,3,0.5,0.9,0.6,1.9,9.8,horfoal01
215,Talen Horton-Tucker,SG,22,UTA,65,20,20.2,4,9.4,0.419,0.9,3.1,0.286,3.1,6.3,0.485,0.467,1.9,2.6,0.75,0.6,2.6,3.2,3.8,0.6,0.4,1.9,1.7,10.7,hortota01
216,Danuel House Jr.,SF,29,PHI,53,4,13.7,1.5,3.2,0.482,0.7,1.9,0.356,0.9,1.3,0.667,0.588,0.6,0.9,0.702,0.2,1.4,1.6,0.7,0.2,0.2,0.4,1.2,4.4,houseda01
217,Caleb Houstan,SF,20,ORL,48,2,15,1.2,3.2,0.361,0.8,2.4,0.33,0.4,0.8,0.45,0.484,0.2,0.3,0.846,0.6,1.3,2,0.5,0.2,0.1,0.3,1.3,3.4,houstca01
218,Trevor Hudgins,PG,23,HOU,5,0,5.6,0.4,1.8,0.222,0.4,1.6,0.25,0,0.2,0,0.333,0.6,0.6,1,0,0,0,0.6,0,0,0.2,0.2,1.8,hudgitr01
219,Kevin Huerter,SG,24,SAC,74,74,29.5,5.6,11.6,0.484,2.7,6.8,0.401,2.9,4.7,0.604,0.603,1.3,1.8,0.725,0.6,2.8,3.4,2.9,1.1,0.3,1.3,2.4,15.2,huertke01
220,Jay Huff,C,24,WAS,6,0,12,1.8,3,0.611,0.8,1.7,0.5,1,1.3,0.75,0.75,1.8,2,0.917,0.7,2.2,2.8,1.3,0.5,0.5,0.5,1.7,6.3,huffja01
221,De'Andre Hunter,SF,25,ATL,65,65,32,5.7,12.3,0.459,1.5,4.3,0.351,4.2,8,0.516,0.52,2.6,3.1,0.823,0.7,3.6,4.3,1.4,0.5,0.3,1.2,3,15.4,huntede01
222,Bones Hyland,PG,22,TOT,54,1,19.4,4.1,10.2,0.401,2.1,5.6,0.378,1.9,4.5,0.429,0.505,1.6,1.9,0.84,0.4,1.9,2.3,3.1,0.7,0.3,1.5,1.7,11.8,hylanbo01
222,Bones Hyland,PG,22,DEN,42,1,19.5,4.1,10.3,0.399,2.2,5.7,0.378,2,4.6,0.425,0.503,1.7,2,0.866,0.2,1.8,2,3,0.7,0.3,1.6,1.6,12.1,hylanbo01
222,Bones Hyland,PG,22,LAC,12,0,18.8,3.9,9.6,0.409,2,5.3,0.381,1.9,4.3,0.442,0.513,1.1,1.5,0.722,0.8,2.4,3.2,3.5,0.8,0.2,1.1,2.3,10.9,hylanbo01
223,Serge Ibaka,C,33,MIL,16,0,11.6,1.6,3.4,0.481,0.4,1.1,0.333,1.3,2.3,0.556,0.537,0.5,0.8,0.615,0.9,1.8,2.8,0.3,0.1,0.4,0.7,1.4,4.1,ibakase01
224,Andre Iguodala,SF,39,GSW,8,0,14.1,0.9,1.9,0.467,0.1,1.1,0.111,0.8,0.8,1,0.5,0.3,0.4,0.667,0.4,1.8,2.1,2.4,0.5,0.4,1.1,1.4,2.1,iguodan01
225,Joe Ingles,SF,35,MIL,45,0,22.8,2.4,5.4,0.437,1.8,4.5,0.413,0.5,1,0.545,0.606,0.4,0.5,0.857,0.3,2.5,2.8,3.2,0.7,0.1,1.2,1.6,7,inglejo01
226,Brandon Ingram,SF,25,NOP,43,43,33.9,8.9,18.4,0.482,1.5,3.7,0.399,7.4,14.7,0.503,0.522,5.2,6,0.875,0.4,4.8,5.3,5.8,0.7,0.4,3.2,2.6,24.5,ingrabr01
227,Kyrie Irving,PG,30,TOT,60,60,37.4,9.9,20.1,0.494,3.1,8.3,0.379,6.8,11.8,0.574,0.572,4.1,4.6,0.905,1,4.1,5.1,5.5,1.1,0.8,2.1,2.8,27.1,irvinky01
227,Kyrie Irving,PG,30,BRK,40,40,37,10,20.5,0.486,3.3,8.7,0.374,6.7,11.8,0.569,0.565,4,4.5,0.883,1,4.2,5.1,5.3,1,0.8,2.3,2.7,27.1,irvinky01
227,Kyrie Irving,PG,30,DAL,20,20,38.2,9.8,19.2,0.51,2.9,7.4,0.392,6.9,11.8,0.585,0.586,4.5,4.7,0.947,1.1,4,5,6,1.3,0.6,1.9,2.8,27,irvinky01
228,Jonathan Isaac,PF,25,ORL,11,0,11.3,2,4.8,0.415,0.5,1.4,0.4,1.5,3.5,0.421,0.472,0.5,0.8,0.556,1.4,2.6,4,0.5,1.3,0.4,0.4,0.5,5,isaacjo01
229,Jaden Ivey,SG,20,DET,72,71,30.9,5.5,13.1,0.417,1.6,4.7,0.343,3.9,8.4,0.457,0.478,3.6,4.8,0.746,1,2.9,3.9,5.2,0.8,0.2,3.2,3.2,16.1,iveyja01
230,Frank Jackson,PG,24,UTA,1,0,5,0,3,0,0,1,0,0,2,0,0,0,0,,1,1,2,1,0,0,0,0,0,jacksfr01
231,Isaiah Jackson,C,21,IND,61,10,16.2,2.8,5,0.566,0,0.2,0.143,2.8,4.7,0.587,0.57,1.5,2.3,0.647,1.7,2.6,4.4,0.8,0.5,1.4,0.8,2.4,7.1,jacksis01
232,Jaren Jackson Jr.,C,23,MEM,62,62,28.4,6.5,13,0.502,1.5,4.5,0.344,5,8.5,0.585,0.562,3.8,4.8,0.785,1.7,5.1,6.8,0.9,1,3,1.7,3.6,18.3,jacksja02
233,Justin Jackson,SF,27,BOS,23,0,4.7,0.3,1.2,0.259,0.2,0.9,0.25,0.1,0.3,0.286,0.352,0,0.1,0.5,0.1,0.7,0.7,0.4,0.2,0.2,0.1,0.3,0.9,jacksju01
234,Quenton Jackson,PG,24,WAS,7,0,11.4,1.4,3.7,0.385,0.1,1.3,0.111,1.3,2.4,0.529,0.404,1.4,1.4,1,0.3,0.4,0.7,1.1,0.3,0.1,0.1,0.7,4.4,jacksqu01
235,Reggie Jackson,PG,32,TOT,65,39,24.3,3.8,9.3,0.409,1.4,4.1,0.338,2.4,5.1,0.465,0.484,1,1.1,0.905,0.4,1.7,2.1,3.4,0.7,0.1,1.7,1.7,10,jacksre01
235,Reggie Jackson,PG,32,LAC,52,38,25.7,4.1,9.8,0.418,1.5,4.2,0.35,2.6,5.6,0.469,0.493,1.2,1.3,0.924,0.4,1.8,2.2,3.5,0.7,0.1,1.8,1.8,10.9,jacksre01
235,Reggie Jackson,PG,32,DEN,13,1,18.5,2.5,6.9,0.356,1.1,3.8,0.286,1.4,3.2,0.439,0.433,0.5,0.6,0.75,0.2,1.2,1.4,2.8,0.5,0.1,1.2,1.4,6.5,jacksre01
236,LeBron James,PF,38,LAL,53,52,35.7,11.1,22.2,0.502,2.1,6.7,0.309,9.1,15.5,0.586,0.549,4.7,6.1,0.768,1.2,7.2,8.4,6.8,0.9,0.6,3.2,1.6,29,jamesle01
237,Ty Jerome,SG,25,GSW,45,2,18.1,2.6,5.4,0.488,0.8,2,0.389,1.8,3.4,0.546,0.56,0.8,0.9,0.927,0.2,1.6,1.7,3,0.5,0.1,0.7,1.4,6.9,jeromty01
238,Isaiah Joe,SG,23,OKC,72,10,19.1,3.1,6.9,0.445,2.2,5.3,0.41,0.9,1.6,0.563,0.604,1.1,1.4,0.816,0.4,2,2.4,1.2,0.6,0.1,0.5,1.4,9.4,joeis01
239,Alize Johnson,PF,26,SAS,4,0,7.5,0.8,1.5,0.5,0,0.5,0,0.8,1,0.75,0.5,0.3,0.5,0.5,0.5,2,2.5,0.3,0.3,0,1,0.8,1.8,johnsal02
240,Cameron Johnson,PF,26,TOT,41,40,28.5,5.3,11.2,0.471,2.5,6.1,0.406,2.8,5.1,0.548,0.582,2.4,2.9,0.838,0.8,3.6,4.4,1.9,1.1,0.3,0.9,2,15.4,johnsca02
240,Cameron Johnson,PF,26,PHO,17,16,25.2,4.8,10.2,0.474,2.6,5.8,0.455,2.2,4.4,0.5,0.604,1.6,1.9,0.818,0.8,3,3.8,1.5,0.9,0.4,0.6,1.7,13.9,johnsca02
240,Cameron Johnson,PF,26,BRK,24,24,30.8,5.6,11.9,0.469,2.4,6.3,0.375,3.2,5.6,0.575,0.568,3,3.5,0.845,0.7,4.1,4.8,2.1,1.3,0.3,1.1,2.3,16.5,johnsca02
241,Jalen Johnson,SF,21,ATL,68,6,14.8,2.2,4.5,0.49,0.4,1.4,0.286,1.8,3,0.587,0.536,0.7,1.1,0.649,0.8,3.3,4,1.1,0.5,0.4,0.6,1.6,5.5,johnsja05
242,James Johnson,PF,35,IND,16,1,8.6,1,2.4,0.421,0.2,0.8,0.231,0.8,1.6,0.52,0.461,0.3,0.5,0.5,0.1,1.3,1.4,0.7,0.3,0.4,0.3,1.8,2.4,johnsja01
243,Keldon Johnson,SF,23,SAS,62,62,32.8,8,17.6,0.453,2.1,6.4,0.333,5.8,11.1,0.522,0.514,3.9,5.2,0.747,0.9,4.2,5,2.9,0.7,0.2,2.1,2,22,johnske04
244,Keon Johnson,SG,20,POR,40,0,10.4,1.7,4.5,0.376,0.7,2,0.346,1,2.4,0.402,0.455,0.7,1,0.659,0.3,0.8,1.1,1.5,0.5,0.2,1.1,1.1,4.7,johnske07
245,Stanley Johnson,SF,26,SAS,30,0,15.6,2.2,4.1,0.533,0.6,1.3,0.45,1.6,2.7,0.573,0.607,0.9,1.3,0.667,0.7,2.4,3.2,2.2,0.5,0.2,1.1,1.6,5.8,johnsst04
246,Nikola Jokić,C,27,DEN,68,68,33.8,9.5,15,0.633,0.8,2.2,0.385,8.6,12.8,0.675,0.661,5,6.1,0.821,2.5,9.4,11.9,9.8,1.3,0.7,3.6,2.5,24.8,jokicni01
247,Carlik Jones,PG,25,CHI,5,0,5.8,0.2,1.4,0.143,0,0.2,0,0.2,1.2,0.167,0.143,0.2,0.8,0.25,0.2,0.4,0.6,0.4,0,0,0.2,0.4,0.6,jonesca03
248,Damian Jones,C,27,TOT,38,1,11,1.2,1.9,0.622,0.3,0.4,0.625,0.9,1.5,0.621,0.689,0.6,0.8,0.759,1,1.9,2.9,0.3,0.2,0.5,0.6,1.2,3.3,jonesda03
248,Damian Jones,C,27,LAL,22,1,8,0.9,1.7,0.541,0,0.1,0,0.9,1.5,0.588,0.541,0.7,0.9,0.75,0.8,1.7,2.5,0.2,0.1,0.5,0.4,0.8,2.5,jonesda03
248,Damian Jones,C,27,UTA,16,0,15.1,1.6,2.3,0.703,0.6,0.8,0.769,1,1.5,0.667,0.838,0.4,0.6,0.778,1.2,2.3,3.4,0.6,0.3,0.5,0.8,1.9,4.3,jonesda03
249,Derrick Jones Jr.,SF,25,CHI,62,0,13.9,1.8,3.5,0.509,0.4,1.2,0.342,1.4,2.3,0.593,0.567,1,1.3,0.756,0.9,1.4,2.3,0.5,0.5,0.6,0.4,1.3,5,jonesde02
250,Herbert Jones,SF,24,NOP,64,64,29.3,3.5,7.7,0.463,0.9,2.6,0.335,2.7,5.1,0.528,0.519,1.9,2.5,0.761,1.5,2.6,4.1,2.4,1.5,0.6,1.3,3.1,9.8,joneshe01
251,Kai Jones,C,22,CHO,44,0,11.7,1.4,2.5,0.573,0.1,0.3,0.214,1.4,2.2,0.625,0.586,0.4,0.6,0.72,0.8,1.9,2.8,0.3,0.3,0.6,0.7,1.4,3.3,joneska01
252,Tre Jones,PG,23,SAS,65,62,29.2,4.9,10.9,0.453,0.6,2.3,0.28,4.3,8.6,0.499,0.482,2.1,2.5,0.863,0.8,2.7,3.5,6.4,1.4,0.1,1.6,1.5,12.7,jonestr01
253,Tyus Jones,PG,26,MEM,79,22,24.3,3.9,8.9,0.438,1.5,4.1,0.37,2.4,4.8,0.496,0.523,1,1.3,0.8,0.4,2.2,2.5,5.2,1,0.1,0.9,0.4,10.3,jonesty01
254,DeAndre Jordan,C,34,DEN,37,6,14.3,2.2,2.9,0.755,0,0,1,2.1,2.8,0.752,0.759,0.5,1.2,0.435,1.2,3.7,4.9,0.8,0.3,0.6,1.2,1.8,4.9,jordade01
255,Cory Joseph,PG,31,DET,60,2,19.3,2.4,5.5,0.431,1.1,2.7,0.396,1.3,2.7,0.466,0.531,1,1.2,0.803,0.3,1.4,1.7,3.4,0.5,0.2,0.9,1.4,6.7,josepco01
256,Nikola Jović,PF,19,MIA,15,8,13.6,1.9,4.6,0.406,0.5,2.3,0.229,1.3,2.3,0.588,0.464,1.2,1.3,0.947,0.6,1.5,2.1,0.7,0.5,0.1,0.7,1.3,5.5,jovicni01
257,Johnny Juzang,SF,21,UTA,15,0,12.3,1.8,5.3,0.338,0.9,3.6,0.259,0.9,1.7,0.5,0.425,0.1,0.3,0.5,0.3,1.7,2,0.5,0.2,0.2,0.1,0.8,4.7,juzanjo01
258,Mfiondu Kabengele,PF,25,BOS,2,0,7,0.5,1,0.5,0,0.5,0,0.5,0.5,1,0.5,0,0,,1.5,1,2.5,0,0,0,0.5,1.5,1,kabenmf01
259,Frank Kaminsky,C,29,TOT,35,0,6.2,0.8,1.6,0.5,0.3,0.9,0.4,0.5,0.7,0.615,0.607,0.4,0.5,0.875,0.1,1.2,1.3,0.8,0.2,0.1,0.3,0.6,2.3,kaminfr01
259,Frank Kaminsky,C,29,ATL,26,0,6.8,1,1.7,0.568,0.4,0.9,0.478,0.5,0.8,0.667,0.693,0.4,0.5,0.833,0.1,1.3,1.4,0.8,0.2,0,0.3,0.8,2.7,kaminfr01
259,Frank Kaminsky,C,29,HOU,9,0,4.7,0.3,1.3,0.25,0.1,0.8,0.143,0.2,0.6,0.4,0.292,0.4,0.4,1,0.2,0.9,1.1,0.9,0.1,0.2,0,0.1,1.2,kaminfr01
260,Trevor Keels,SG,19,NYK,3,0,2.7,0.3,1.3,0.25,0.3,1.3,0.25,0,0,,0.375,0,0,,0,0.7,0.7,0,0,0,0,0,1,keelstr01
261,Luke Kennard,SG,26,TOT,58,13,22.1,3.1,6.4,0.485,2.2,4.5,0.489,0.9,1.9,0.477,0.657,0.6,0.7,0.949,0.3,2.4,2.7,1.5,0.6,0.1,0.8,1.4,9.1,kennalu01
261,Luke Kennard,SG,26,LAC,35,11,20.7,2.8,6,0.464,1.7,3.8,0.447,1.1,2.3,0.494,0.604,0.5,0.6,0.95,0.2,2.2,2.4,1.1,0.5,0.1,0.9,1.3,7.8,kennalu01
261,Luke Kennard,SG,26,MEM,23,2,24.3,3.6,7,0.512,3,5.7,0.531,0.6,1.4,0.438,0.725,0.8,0.8,0.947,0.4,2.7,3.1,2.1,0.6,0,0.7,1.4,11,kennalu01
262,Walker Kessler,C,21,UTA,74,40,23,4,5.6,0.72,0,0,0.333,4,5.6,0.723,0.721,1.1,2.1,0.516,3.1,5.3,8.4,0.9,0.4,2.3,0.8,2.3,9.2,kesslwa01
263,Braxton Key,SF,25,DET,3,0,3,0.3,0.3,1,0,0,,0.3,0.3,1,1,0.7,0.7,1,0,0.3,0.3,0,0,0,0,0,1.3,keybr01
264,Corey Kispert,SF,23,WAS,72,43,28.4,3.9,7.8,0.496,2.2,5.1,0.421,1.7,2.7,0.635,0.633,0.9,1.1,0.84,0.4,2.3,2.8,1.2,0.4,0.1,0.7,1.3,10.9,kispeco01
265,Maxi Kleber,C,31,DAL,37,5,25.1,2.1,4.6,0.456,1.1,3,0.348,1,1.5,0.667,0.571,0.7,1,0.711,0.8,2.8,3.6,1.4,0.3,0.8,0.7,2.3,5.9,klebima01
266,Nathan Knight,PF,25,MIN,36,0,7.9,1.2,2.2,0.564,0.2,0.6,0.364,1,1.6,0.643,0.615,1.1,1.5,0.691,0.6,0.9,1.5,0.4,0.3,0.2,0.5,1,3.7,knighna01
267,Kevin Knox,PF-SF,23,TOT,60,3,14.3,2.2,4.8,0.451,0.9,2.7,0.337,1.2,2.1,0.602,0.547,0.6,0.8,0.761,0.5,2.2,2.7,0.5,0.4,0.2,0.7,1.5,5.8,knoxke01
267,Kevin Knox,PF,23,DET,42,1,14.1,2,4.3,0.469,1,2.8,0.371,1,1.5,0.651,0.589,0.6,0.8,0.788,0.5,2.1,2.6,0.4,0.3,0.3,0.8,1.8,5.6,knoxke01
267,Kevin Knox,SF,23,POR,18,2,14.8,2.5,5.9,0.421,0.7,2.6,0.255,1.8,3.3,0.55,0.477,0.5,0.7,0.692,0.7,2.4,3.1,0.7,0.4,0,0.7,0.9,6.2,knoxke01
268,Christian Koloko,C,22,TOR,56,19,13.8,1.2,2.6,0.469,0,0.2,0.091,1.2,2.4,0.5,0.472,0.6,1,0.632,1.5,1.5,3,0.5,0.3,1,0.4,2.3,3.1,kolokch01
269,John Konchar,SG,26,MEM,70,22,20.4,1.9,4.4,0.427,0.8,2.5,0.343,1,1.9,0.533,0.523,0.4,0.5,0.778,0.8,3.4,4.2,1.3,1,0.3,0.5,1.5,5,konchjo01
270,Furkan Korkmaz,SG,25,PHI,34,0,8.7,1.2,2.7,0.446,0.4,1.1,0.351,0.8,1.6,0.509,0.516,0.7,1,0.706,0.2,0.8,1,0.6,0.2,0.1,0.6,0.4,3.5,korkmfu01
271,Luke Kornet,C,27,BOS,67,0,11.4,1.6,2.3,0.679,0,0.2,0.273,1.5,2.2,0.71,0.689,0.4,0.6,0.811,1.3,1.5,2.8,0.7,0.1,0.7,0.4,1.1,3.7,kornelu01
272,Vit Krejci,PG,22,ATL,28,0,5.2,0.5,1.3,0.417,0.2,0.7,0.25,0.4,0.6,0.625,0.486,0,0.1,0.5,0.2,0.6,0.8,0.5,0.1,0,0.1,0.5,1.3,krejcvi01
273,Jonathan Kuminga,PF,20,GSW,65,16,20.8,3.9,7.4,0.52,0.8,2.2,0.357,3.1,5.2,0.588,0.572,1.3,2,0.638,1,2.4,3.4,1.8,0.6,0.4,1.4,2.4,9.8,kuminjo01
274,Kyle Kuzma,PF,27,WAS,64,64,35,8,17.8,0.448,2.5,7.5,0.333,5.5,10.3,0.533,0.518,2.7,3.7,0.73,0.9,6.4,7.2,3.7,0.6,0.5,3,2.3,21.2,kuzmaky01
275,Anthony Lamb,SF,25,GSW,60,4,19.7,2.4,5.2,0.466,1.2,3.3,0.367,1.2,1.9,0.643,0.584,0.8,1,0.767,0.9,2.6,3.5,1.6,0.5,0.3,0.9,2.2,6.8,lamban01
276,Jock Landale,C,27,PHO,66,3,14,2.5,4.7,0.523,0.3,1.2,0.244,2.2,3.5,0.623,0.555,1.2,1.5,0.765,1.7,2.3,4,1,0.2,0.5,0.8,1.8,6.4,landajo01
277,Romeo Langford,SG,23,SAS,40,21,19.8,2.9,6.2,0.474,0.4,1.5,0.276,2.5,4.7,0.534,0.506,0.8,1.2,0.673,1.4,1.4,2.8,1.2,0.6,0.3,0.7,1.7,7.1,langfro01
278,Jake LaRavia,PF,21,MEM,35,0,11.8,1.1,2.7,0.389,0.7,2,0.338,0.4,0.7,0.542,0.516,0.2,0.3,0.778,0.5,1.3,1.8,0.6,0.3,0.1,0.5,1.4,3,laravja01
279,Zach LaVine,SG,27,CHI,76,76,36.1,8.8,18.1,0.486,2.7,7.1,0.377,6.1,11,0.556,0.56,4.7,5.6,0.847,0.6,3.9,4.5,4.3,0.9,0.2,2.5,2.1,24.9,lavinza01
280,A.J. Lawson,SG,22,TOT,13,0,4.8,1,2,0.5,0.5,1.2,0.438,0.5,0.8,0.6,0.635,0.1,0.2,0.333,0.2,0.6,0.8,0.1,0.1,0,0.1,0.6,2.6,lawsoaj01
280,A.J. Lawson,SG,22,MIN,1,0,2,1,1,1,0,0,,1,1,1,1,0,0,,0,1,1,0,0,0,0,1,2,lawsoaj01
280,A.J. Lawson,SG,22,DAL,12,0,5.1,1,2.1,0.48,0.6,1.3,0.438,0.4,0.8,0.556,0.62,0.1,0.3,0.333,0.2,0.6,0.8,0.1,0.1,0,0.1,0.6,2.7,lawsoaj01
281,Damion Lee,SG,30,PHO,72,5,20.2,2.7,6.1,0.445,1.5,3.4,0.45,1.2,2.7,0.438,0.57,1.3,1.4,0.902,0.5,2.5,3,1.4,0.4,0.1,1,1.6,8.2,leeda03
282,Saben Lee,PG,23,TOT,23,0,13.3,1.6,3.8,0.42,0.3,0.9,0.35,1.3,3,0.441,0.46,1.6,2.1,0.735,0.5,1.2,1.7,2.4,0.7,0,1,1.2,5.1,leesa01
282,Saben Lee,PG,23,PHI,2,0,5,1.5,2,0.75,0,0.5,0,1.5,1.5,1,0.75,0,0,,0,0,0,1,0.5,0,1.5,0.5,3,leesa01
282,Saben Lee,PG,23,PHO,21,0,14,1.6,4,0.405,0.3,0.9,0.368,1.3,3.1,0.415,0.446,1.7,2.3,0.735,0.5,1.3,1.8,2.5,0.7,0,1,1.2,5.3,leesa01
283,Alex Len,C,29,SAC,24,1,5.5,0.6,1.1,0.519,0,0.1,0,0.6,1,0.56,0.519,0.4,0.6,0.714,0.8,1.3,2,0.4,0.1,0.3,0.6,1,1.6,lenal01
284,Kawhi Leonard,SF,31,LAC,50,48,33.7,8.6,16.7,0.514,2,4.8,0.423,6.5,11.9,0.551,0.574,4.6,5.3,0.871,1.1,5.2,6.3,3.9,1.4,0.5,1.6,1.6,23.7,leonaka01
285,Meyers Leonard,C,30,MIL,7,0,8.1,1.1,2.3,0.5,0.7,1.6,0.455,0.4,0.7,0.6,0.656,0.4,0.6,0.75,0.6,1.6,2.1,0,0.1,0,0.3,1.3,3.4,leoname01
286,Caris LeVert,SG,28,CLE,74,30,30.2,4.3,10,0.431,1.7,4.4,0.392,2.6,5.6,0.462,0.517,1.8,2.4,0.722,0.7,3.1,3.8,3.9,1,0.3,1.6,2.3,12.1,leverca01
287,Kira Lewis Jr.,PG,21,NOP,25,0,9.4,1.6,3.5,0.455,0.6,1.4,0.441,1,2.2,0.463,0.54,0.8,0.9,0.864,0.2,1.1,1.3,0.9,0.4,0.1,0.4,1,4.6,lewiski01
288,Damian Lillard,PG,32,POR,58,58,36.3,9.6,20.7,0.463,4.2,11.3,0.371,5.4,9.4,0.574,0.564,8.8,9.6,0.914,0.8,4,4.8,7.3,0.9,0.3,3.3,1.9,32.2,lillada01
289,Nassir Little,SF,22,POR,54,4,18.1,2.5,5.6,0.442,1.1,2.9,0.367,1.4,2.7,0.524,0.538,0.6,0.9,0.717,0.5,2.1,2.6,0.9,0.4,0.4,0.7,1.2,6.6,littlna01
290,Isaiah Livers,PF,24,DET,52,22,23.1,2.3,5.5,0.417,1.4,3.9,0.365,0.9,1.6,0.541,0.545,0.6,0.8,0.821,0.5,2.2,2.8,0.8,0.5,0.5,0.6,2,6.7,liveris01
291,Kenneth Lofton Jr.,PF,20,MEM,22,0,6,1.4,3,0.463,0.2,0.6,0.357,1.2,2.4,0.491,0.5,0.4,0.7,0.533,0.6,1,1.6,0.9,0.2,0.1,0.4,1,3.4,loftoke01
292,Kevon Looney,C,26,GSW,80,68,23.8,3,4.7,0.63,0,0,0,3,4.7,0.632,0.63,1.2,1.9,0.606,3.3,5.9,9.2,2.5,0.6,0.6,0.6,2.8,7.1,looneke01
293,Brook Lopez,C,34,MIL,78,78,30.4,6.1,11.5,0.531,1.7,4.7,0.374,4.4,6.9,0.637,0.606,1.9,2.4,0.784,2,4.7,6.7,1.3,0.5,2.5,1.4,2.6,15.9,lopezbr01
294,Robin Lopez,C,34,CLE,35,1,7.5,1.1,1.7,0.656,0.1,0.1,0.667,1.1,1.7,0.655,0.672,0.3,0.5,0.75,0.6,0.7,1.3,0.4,0,0.2,0.6,1,2.7,lopezro01
295,Kevin Love,PF,34,TOT,60,20,20.2,2.7,6.9,0.388,1.6,4.8,0.332,1.1,2.1,0.516,0.504,1.3,1.5,0.888,1,5.5,6.5,1.9,0.3,0.2,1.1,1.6,8.2,loveke01
295,Kevin Love,PF,34,CLE,41,3,20,2.7,7,0.389,1.7,4.8,0.354,1,2.2,0.467,0.511,1.4,1.5,0.889,1,5.8,6.8,1.9,0.2,0.2,1.1,1.6,8.5,loveke01
295,Kevin Love,PF,34,MIA,19,17,20.5,2.6,6.7,0.386,1.4,4.8,0.286,1.2,1.9,0.639,0.488,1.2,1.4,0.885,0.8,4.8,5.7,1.9,0.5,0.3,1.1,1.6,7.7,loveke01
296,Kyle Lowry,PG,36,MIA,53,44,31.8,3.6,9,0.401,2,5.8,0.341,1.7,3.3,0.506,0.509,2.2,2.5,0.859,0.8,3.3,4.1,5.1,1.1,0.4,1.9,2.7,11.4,lowryky01
297,Trey Lyles,PF,27,SAC,72,0,16.7,2.5,5.4,0.459,1.2,3.2,0.365,1.3,2.3,0.593,0.566,1.4,1.7,0.815,0.9,3.1,4,0.9,0.4,0.4,0.9,1.3,7.6,lylestr01
298,Théo Maledon,PG,21,CHO,42,5,18.4,2.1,5.4,0.385,0.6,2,0.282,1.5,3.4,0.447,0.438,1.4,1.6,0.851,0.3,2.4,2.7,3.3,0.7,0.3,1.2,1.3,6.1,maledth01
299,Sandro Mamukelashvili,C,23,TOT,40,5,14.6,2,4.8,0.417,0.6,2.2,0.279,1.4,2.7,0.528,0.479,0.9,1.3,0.706,1.5,2.5,4,1.3,0.3,0.3,0.8,1.3,5.5,mamuksa01
299,Sandro Mamukelashvili,C,23,MIL,24,0,9,0.8,2.4,0.328,0.3,1.3,0.219,0.5,1.1,0.462,0.388,0.5,0.8,0.667,0.8,1.6,2.3,0.7,0.2,0.2,0.4,0.8,2.4,mamuksa01
299,Sandro Mamukelashvili,C,23,SAS,16,5,22.8,3.8,8.4,0.455,1.1,3.4,0.315,2.8,5,0.55,0.519,1.5,2.1,0.727,2.6,3.9,6.6,2.3,0.4,0.3,1.4,1.9,10.2,mamuksa01
300,Terance Mann,SG,26,LAC,79,36,23.1,3.4,6.5,0.519,1,2.5,0.393,2.4,4,0.597,0.594,1.2,1.5,0.793,1,2.5,3.5,2.3,0.5,0.3,1,1.8,8.9,mannte01
301,Tre Mann,PG,21,OKC,65,4,17.5,2.9,7.5,0.388,1.2,3.9,0.316,1.7,3.6,0.466,0.47,0.6,0.8,0.74,0.4,1.8,2.2,1.7,0.6,0.2,0.9,1.5,7.6,manntr01
302,Boban Marjanović,C,34,HOU,29,0,5.2,1.2,1.8,0.667,0,0,0,1.2,1.7,0.68,0.667,0.7,0.9,0.769,0.6,1.2,1.8,0.3,0.1,0,0.4,0.3,3,marjabo01
303,Lauri Markkanen,SF,25,UTA,66,66,34.4,8.7,17.3,0.499,3,7.7,0.391,5.6,9.6,0.585,0.586,5.3,6,0.875,2,6.7,8.6,1.9,0.6,0.6,1.9,2.1,25.6,markkla01
304,Naji Marshall,SF,25,NOP,75,21,23.5,3.2,7.5,0.432,0.9,2.9,0.302,2.4,4.6,0.511,0.489,1.8,2.3,0.786,0.6,3,3.7,2.5,0.7,0.2,1.3,1.5,9.2,marshna01
305,Caleb Martin,PF,27,MIA,68,49,29.6,3.6,7.8,0.466,1.2,3.4,0.362,2.4,4.4,0.545,0.545,1.3,1.6,0.802,1.3,3.6,4.9,1.6,1,0.5,1.1,2.1,9.8,martica02
306,Cody Martin,SF,27,CHO,7,0,19.1,2,5.1,0.389,0.4,2,0.214,1.6,3.1,0.5,0.431,0.6,1,0.571,1.1,2.3,3.4,1.6,0.6,0.1,0.3,1.9,5,martico01
307,Kenyon Martin Jr.,SF,22,HOU,80,47,27.9,5,8.7,0.57,0.9,2.7,0.318,4.1,6.1,0.682,0.619,1.9,2.7,0.683,1.6,4,5.5,1.5,0.5,0.4,1.1,1.8,12.7,martike04
308,Tyrese Martin,SG,23,ATL,15,0,3.3,0.5,1.1,0.412,0.1,0.3,0.2,0.4,0.8,0.5,0.441,0.1,0.1,1,0.1,0.3,0.4,0.1,0.1,0,0.1,0.1,1.1,martity01
309,Garrison Mathews,SG,26,TOT,53,0,12.5,1.3,3.6,0.36,1.1,3.2,0.349,0.2,0.4,0.45,0.516,0.8,0.9,0.896,0.2,1.1,1.3,0.5,0.5,0.1,0.4,1.1,4.5,mathega01
309,Garrison Mathews,SG,26,HOU,45,0,13.4,1.3,3.8,0.353,1.2,3.4,0.342,0.2,0.3,0.467,0.509,0.9,1,0.911,0.2,1.2,1.4,0.5,0.5,0.1,0.4,1.2,4.8,mathega01
309,Garrison Mathews,SG,26,ATL,8,0,7.4,1,2.4,0.421,0.8,1.8,0.429,0.3,0.6,0.4,0.579,0.3,0.4,0.667,0,1,1,0.3,0.1,0,0.1,0.5,3,mathega01
310,Bennedict Mathurin,SF,20,IND,76,15,28.3,5.3,12.2,0.434,1.3,4,0.32,4,8.2,0.49,0.487,4.7,5.7,0.826,1.1,3,4.1,1.4,0.6,0.2,1.9,2,16.6,mathube01
311,Wesley Matthews,SG,36,MIL,50,0,15.8,1.1,3.1,0.37,0.8,2.4,0.325,0.4,0.7,0.529,0.497,0.4,0.5,0.875,0.7,1.5,2.2,0.6,0.4,0.3,0.3,1.4,3.5,matthwe02
312,Tyrese Maxey,SG,22,PHI,60,41,33.6,7.3,15.2,0.481,2.7,6.2,0.434,4.7,9.1,0.513,0.568,3,3.6,0.845,0.4,2.6,2.9,3.5,0.8,0.1,1.3,2.2,20.3,maxeyty01
313,Skylar Mays,SG,25,POR,3,3,32,6.7,11,0.606,2.7,4.7,0.571,4,6.3,0.632,0.727,1,1,1,0.7,3.7,4.3,7.3,0.7,0,1.3,2.7,17,mayssk01
314,Miles McBride,PG,22,NYK,62,2,11.8,1.2,3.3,0.353,0.6,2.1,0.295,0.5,1.2,0.453,0.446,0.5,0.7,0.667,0.2,0.6,0.8,1.2,0.6,0.1,0.4,0.9,3.4,mcbrimi01
315,CJ McCollum,SG,31,NOP,73,73,35.2,7.8,17.9,0.437,2.8,7.2,0.391,5,10.6,0.468,0.516,2.4,3.1,0.774,0.8,3.6,4.4,5.8,0.9,0.5,2.5,2,20.8,mccolcj01
316,T.J. McConnell,PG,30,IND,75,6,20.3,3.8,6.9,0.543,0.3,0.8,0.441,3.4,6.2,0.556,0.568,0.8,0.9,0.853,0.6,2.5,3.1,5.3,1.1,0.1,1.9,1.4,8.7,mccontj01
317,Jaden McDaniels,SF,22,MIN,77,77,30.9,4.7,9.2,0.515,1.3,3.4,0.392,3.4,5.8,0.588,0.588,1.4,1.9,0.736,1.2,2.7,3.9,1.9,0.9,1,1.4,3.5,12.2,mcdanja02
318,Jalen McDaniels,SF,25,TOT,77,22,23.7,3.4,7.6,0.453,0.9,2.9,0.326,2.5,4.7,0.532,0.515,1.4,1.7,0.833,0.8,3.5,4.3,1.6,1,0.4,1.2,2.6,9.3,mcdanja01
318,Jalen McDaniels,SF,25,CHO,56,21,26.7,3.9,8.8,0.447,1.2,3.6,0.322,2.8,5.2,0.534,0.513,1.6,1.9,0.846,0.8,4,4.8,2,1.2,0.5,1.4,2.8,10.6,mcdanja01
318,Jalen McDaniels,SF,25,PHI,21,1,15.8,2.1,4.3,0.484,0.4,1,0.364,1.7,3.3,0.522,0.527,1,1.3,0.786,0.7,2.2,3,0.6,0.4,0.2,0.5,2.1,5.6,mcdanja01
319,Doug McDermott,SF,31,SAS,64,0,20.5,3.7,8.2,0.457,1.9,4.7,0.413,1.8,3.5,0.516,0.575,0.8,1.1,0.757,0.4,1.8,2.2,1.4,0.2,0.1,0.9,1.8,10.2,mcderdo01
320,JaVale McGee,C,35,DAL,41,7,8.5,1.9,3,0.628,0,0.1,0.25,1.8,2.9,0.641,0.632,0.6,1,0.585,0.7,1.8,2.6,0.3,0.1,0.6,0.9,1.3,4.3,mcgeeja01
321,Bryce McGowens,SG,20,CHO,44,5,16.3,1.5,4,0.386,0.5,1.6,0.338,1,2.4,0.419,0.455,1.1,1.5,0.727,0.4,1.5,1.9,1.1,0.3,0.1,0.9,1,4.7,mcgowbr01
322,Rodney McGruder,SG,31,DET,33,12,15.9,1.9,4.6,0.408,1.2,2.9,0.423,0.6,1.7,0.382,0.543,0.5,0.7,0.818,0.6,1.6,2.2,0.8,0.5,0,0.3,1.2,5.5,mcgruro01
323,Jordan McLaughlin,PG,26,MIN,41,0,15.6,1.4,3.5,0.415,0.5,1.9,0.289,0.9,1.6,0.561,0.493,0.3,0.3,0.786,0.4,1,1.4,3.3,0.8,0.1,0.8,0.6,3.7,mclaujo01
324,De'Anthony Melton,PG,24,PHI,76,57,28,3.6,8.5,0.427,2.1,5.2,0.392,1.6,3.3,0.484,0.548,0.9,1.1,0.793,0.9,3.1,4.1,2.6,1.7,0.5,1.3,2.5,10.2,meltode01
325,Sam Merrill,SG,26,CLE,3,0,3.7,0.3,1.3,0.25,0,1,0,0.3,0.3,1,0.25,0,0,,0,0.3,0.3,0.3,0,0,0,0.7,0.7,merrisa01
326,Chimezie Metu,C,25,SAC,64,0,10.3,1.9,3.2,0.589,0.1,0.6,0.243,1.8,2.7,0.665,0.611,0.7,0.9,0.759,0.7,2.2,3,0.6,0.3,0.3,0.5,1.3,4.6,metuch01
327,Khris Middleton,SF,31,MIL,33,19,24.3,5.4,12.3,0.436,1.5,4.9,0.315,3.8,7.4,0.516,0.499,2.8,3.1,0.902,0.8,3.4,4.2,4.9,0.7,0.2,2.2,2.1,15.1,middlkh01
328,Patty Mills,PG,34,BRK,39,1,13.6,2.1,5.1,0.419,1.2,3.2,0.376,0.9,1.9,0.493,0.538,0.5,0.6,0.913,0.2,0.9,1.1,1.4,0.4,0.1,0.7,0.7,6,millspa02
329,Shake Milton,SG,26,PHI,73,9,20,3,6.3,0.482,0.7,1.9,0.388,2.3,4.4,0.522,0.54,1.3,1.5,0.845,0.5,2,2.5,2.8,0.3,0.2,1.2,1.6,8.1,miltosh01
330,Justin Minaya,SF,23,POR,1,0,17,3,6,0.5,2,5,0.4,1,1,1,0.667,0,0,,2,2,4,2,0,0,1,3,8,minayju01
331,Josh Minott,SF,20,MIN,14,0,6.6,1.3,2.4,0.529,0.1,0.4,0.333,1.1,2,0.571,0.559,0.6,0.6,1,0.4,1.4,1.8,0.3,0.3,0.4,0.2,0.7,3.3,minotjo01
332,Davion Mitchell,PG,24,SAC,79,8,18,2.3,4.9,0.464,0.8,2.4,0.325,1.5,2.5,0.6,0.544,0.3,0.4,0.806,0.2,1.1,1.3,2.3,0.5,0.2,0.8,1.4,5.6,mitchda01
333,Donovan Mitchell,SG,26,CLE,68,68,35.8,10,20.6,0.484,3.6,9.3,0.386,6.4,11.3,0.566,0.572,4.7,5.4,0.867,0.9,3.3,4.3,4.4,1.5,0.4,2.6,2.5,28.3,mitchdo01
334,Evan Mobley,PF,21,CLE,78,78,34.7,6.7,12.1,0.555,0.3,1.3,0.216,6.4,10.7,0.597,0.567,2.6,3.9,0.674,2.4,6.7,9.1,2.9,0.8,1.5,1.9,2.8,16.3,mobleev01
335,Isaiah Mobley,PF,23,CLE,11,0,3,0.5,0.9,0.5,0.1,0.3,0.333,0.4,0.6,0.571,0.55,0,0,,0.1,1,1.1,0,0.1,0.1,0,0.2,1,mobleis01
336,Chima Moneke,SF,27,SAC,2,0,4,0.5,1,0.5,0,0,,0.5,1,0.5,0.5,0,1,0,1,0,1,0.5,0,0,1,1,1,monekch01
337,Malik Monk,SG,24,SAC,76,0,22.4,4.7,10.4,0.449,1.9,5.2,0.361,2.8,5.2,0.537,0.539,2.4,2.7,0.889,0.4,2.3,2.7,3.9,0.6,0.3,1.9,1.6,13.6,monkma01
338,Moses Moody,SG,20,GSW,61,3,12.8,1.6,3.4,0.462,0.7,2.1,0.352,0.9,1.3,0.634,0.569,0.6,0.9,0.692,0.4,1.2,1.6,0.8,0.3,0.1,0.6,0.8,4.5,moodymo01
339,Xavier Moon,SG,28,LAC,3,0,6,0.7,2.7,0.25,0.3,1,0.333,0.3,1.7,0.2,0.313,0,0,,0,1,1,1.7,0,0,0.3,0.3,1.7,moonxa01
340,Wendell Moore Jr.,SG,21,MIN,27,2,5.5,0.6,1.6,0.405,0.1,0.6,0.118,0.6,0.9,0.6,0.429,0.1,0.2,0.8,0.1,0.5,0.6,0.7,0.3,0.2,0.3,0.5,1.5,moorewe01
341,Ja Morant,PG,23,MEM,60,58,32.1,9.4,20.1,0.465,1.5,5,0.308,7.8,15.1,0.517,0.503,6.2,8.2,0.752,1,4.8,5.9,8.1,1.1,0.3,3.4,1.7,26.4,moranja01
342,Marcus Morris,PF,33,LAC,65,65,28.1,4.2,9.9,0.426,1.7,4.7,0.364,2.5,5.2,0.484,0.513,1,1.3,0.782,0.4,3.5,4,1.8,0.6,0.3,0.9,2.1,11.2,morrima03
343,Markieff Morris,PF,33,TOT,33,1,9.7,1.2,2.8,0.413,0.7,1.7,0.411,0.5,1.1,0.417,0.538,0.3,0.3,1,0.4,1.5,1.9,0.8,0.3,0.2,0.5,1.3,3.3,morrima02
343,Markieff Morris,PF,33,BRK,27,1,10.6,1.2,3,0.402,0.7,1.8,0.408,0.5,1.2,0.394,0.524,0.4,0.4,1,0.5,1.7,2.2,0.9,0.3,0.2,0.5,1.2,3.6,morrima02
343,Markieff Morris,PF,33,DAL,6,0,5.8,0.8,1.7,0.5,0.5,1.2,0.429,0.3,0.5,0.667,0.65,0,0,,0,0.5,0.5,0.5,0.2,0,0.7,1.5,2.2,morrima02
344,Monte Morris,PG,27,WAS,62,61,27.3,4,8.3,0.48,1.3,3.3,0.382,2.7,5,0.543,0.555,1,1.2,0.831,0.4,3,3.4,5.3,0.7,0.2,1,1.2,10.3,morrimo01
345,Trey Murphy III,SF,22,NOP,77,63,30.8,4.8,10,0.482,2.6,6.3,0.41,2.2,3.7,0.605,0.611,2,2.3,0.902,0.7,2.8,3.6,1.4,1.1,0.5,0.8,2,14.2,murphtr02
346,Dejounte Murray,SG,26,ATL,73,73,36.3,8.3,17.8,0.463,1.8,5.3,0.345,6.4,12.6,0.512,0.514,2.2,2.6,0.831,0.7,4.6,5.3,6.1,1.5,0.3,2.2,1.4,20.5,murrade01
347,Jamal Murray,PG,25,DEN,64,64,32.9,7.3,16.1,0.453,2.6,6.6,0.398,4.7,9.5,0.492,0.535,2.8,3.3,0.832,0.7,3.2,4,6.2,1,0.2,2.2,1.5,20,murraja01
348,Keegan Murray,SF,22,SAC,78,76,29.8,4.4,9.7,0.454,2.6,6.3,0.416,1.8,3.4,0.524,0.589,0.8,1,0.765,1.1,3.5,4.6,1.2,0.8,0.5,0.8,2.1,12.2,murrake02
349,Mike Muscala,C,31,TOT,61,8,14.6,1.9,4.4,0.435,1.2,3.2,0.39,0.7,1.2,0.553,0.576,0.5,0.7,0.767,0.5,2.6,3.1,0.8,0.2,0.4,0.3,1.6,5.7,muscami01
349,Mike Muscala,C,31,OKC,43,5,14.5,2.1,4.7,0.438,1.3,3.3,0.394,0.8,1.4,0.541,0.576,0.7,0.9,0.795,0.5,2.6,3.1,0.9,0.3,0.4,0.3,1.6,6.2,muscami01
349,Mike Muscala,C,31,BOS,18,3,14.8,1.6,3.8,0.426,1.1,2.9,0.377,0.5,0.8,0.6,0.574,0.1,0.2,0.5,0.4,2.6,2.9,0.5,0.2,0.3,0.4,1.4,4.4,muscami01
350,Svi Mykhailiuk,SF,25,TOT,30,6,13.4,2.1,4.5,0.47,1.2,2.5,0.467,0.9,2,0.475,0.601,0.7,1,0.645,0.3,1.1,1.4,1.4,0.4,0.1,0.5,0.6,6,mykhasv01
350,Svi Mykhailiuk,SF,25,NYK,13,0,3.1,0.5,0.9,0.5,0.5,0.8,0.6,0,0.2,0,0.75,0.2,0.4,0.6,0,0.5,0.5,0.1,0.1,0,0.2,0.1,1.6,mykhasv01
350,Svi Mykhailiuk,SF,25,CHO,17,6,21.3,3.4,7.2,0.467,1.7,3.8,0.446,1.6,3.4,0.491,0.586,1,1.5,0.654,0.5,1.5,2,2.4,0.6,0.2,0.8,1,9.4,mykhasv01
351,Larry Nance Jr.,PF,30,NOP,63,1,21.3,2.9,4.7,0.605,0.2,0.7,0.333,2.7,4.1,0.65,0.629,0.9,1.3,0.696,1.7,3.9,5.5,1.8,0.9,0.6,0.7,2.1,6.8,nancela02
352,Andrew Nembhard,SG,23,IND,73,61,27.5,3.7,8.5,0.437,1.2,3.6,0.35,2.5,5,0.499,0.51,0.6,0.8,0.782,0.5,2.2,2.6,4.4,0.9,0.2,1.6,2.4,9.3,nembhan01
353,Aaron Nesmith,SF,23,IND,71,58,25,3.4,8.1,0.423,1.6,4.3,0.364,1.8,3.7,0.492,0.521,1.6,1.9,0.841,0.9,2.9,3.8,1.4,0.8,0.4,1.1,3.2,10.1,nesmiaa01
354,Raul Neto,PG,30,CLE,46,1,10,1.1,2.1,0.526,0.3,0.8,0.316,0.8,1.2,0.667,0.589,0.5,0.6,0.889,0.2,0.8,0.9,1.4,0.3,0.1,0.3,0.9,3,netora01
355,Georges Niang,PF,29,PHI,76,0,19.3,2.8,6.3,0.436,1.9,4.9,0.397,0.8,1.4,0.569,0.589,0.5,0.6,0.864,0.3,2.1,2.3,1,0.4,0.2,0.6,1.9,8,niangge01
356,Daishen Nix,PG,20,HOU,56,7,16,1.4,4.2,0.343,0.7,2.5,0.29,0.7,1.7,0.421,0.429,0.4,0.6,0.667,0.3,1.4,1.7,2.3,0.5,0.1,1.5,1,4,nixda01
357,Zeke Nnaji,PF,22,DEN,50,5,13.5,2,3.4,0.576,0.3,1,0.269,1.7,2.4,0.708,0.616,0.8,1.2,0.672,1.2,1.3,2.5,0.3,0.3,0.4,0.5,1.9,5,nnajize01
358,Nerlens Noel,C,28,TOT,17,4,11.5,0.8,2.1,0.361,0.1,0.1,0.5,0.7,2,0.353,0.375,0.5,0.7,0.667,0.6,2.1,2.7,0.6,0.9,0.6,0.8,1.9,2.1,noelne01
358,Nerlens Noel,C,28,DET,14,3,10.9,0.9,2.1,0.4,0.1,0.1,0.5,0.8,2,0.393,0.417,0.5,0.7,0.7,0.5,2.1,2.6,0.5,0.9,0.6,0.6,1.8,2.3,noelne01
358,Nerlens Noel,C,28,BRK,3,1,14.3,0.3,2,0.167,0,0,,0.3,2,0.167,0.167,0.3,0.7,0.5,1,2,3,1,1,0.3,1.7,2.3,1,noelne01
359,Jaylen Nowell,SG,23,MIN,65,2,19.3,4.3,9.6,0.448,1,3.6,0.289,3.3,6,0.542,0.502,1.2,1.5,0.778,0.6,2.1,2.6,2,0.6,0.1,1,1.6,10.8,nowelja01
360,Frank Ntilikina,PG,24,DAL,45,3,11.8,0.9,2.5,0.36,0.3,1.3,0.25,0.6,1.2,0.481,0.425,0.4,0.6,0.704,0.1,1.1,1.3,1.2,0.3,0.1,0.6,1.3,2.6,ntilila01
361,Kendrick Nunn,SG-PG,27,TOT,68,2,13.6,2.7,6.4,0.428,1.1,3.1,0.355,1.6,3.3,0.498,0.515,0.4,0.5,0.829,0.2,1.3,1.5,1.2,0.4,0.1,0.9,0.9,7,nunnke01
361,Kendrick Nunn,SG,27,LAL,39,2,13.5,2.6,6.4,0.406,1.1,3.2,0.325,1.6,3.2,0.488,0.488,0.4,0.5,0.81,0.1,1.3,1.4,0.9,0.3,0.1,0.8,0.9,6.7,nunnke01
361,Kendrick Nunn,PG,27,WAS,29,0,13.7,2.9,6.3,0.457,1.2,3,0.398,1.7,3.3,0.51,0.552,0.4,0.5,0.857,0.3,1.3,1.6,1.7,0.6,0.1,1,1,7.4,nunnke01
362,Jusuf Nurkić,C,28,POR,52,52,26.8,5,9.7,0.519,0.8,2.3,0.361,4.2,7.4,0.567,0.561,2.4,3.7,0.661,2.2,6.9,9.1,2.9,0.8,0.8,2.3,3.6,13.3,nurkiju01
363,Jordan Nwora,SF,24,TOT,60,12,19,3,7,0.429,1.4,3.4,0.403,1.7,3.7,0.452,0.525,1.1,1.4,0.788,0.8,2.8,3.7,1.4,0.4,0.2,1.1,1.1,8.5,nworajo01
363,Jordan Nwora,SF,24,MIL,38,3,15.7,2,5.2,0.386,1.1,2.7,0.392,0.9,2.5,0.379,0.487,1,1.1,0.86,0.8,2.3,3.1,1,0.3,0.2,0.9,0.9,6,nworajo01
363,Jordan Nwora,SF,24,IND,22,9,24.7,4.8,10.2,0.467,1.9,4.5,0.414,2.9,5.7,0.508,0.558,1.4,1.9,0.714,0.9,3.7,4.6,2.1,0.5,0.3,1.3,1.5,12.8,nworajo01
364,Royce O'Neale,SF,29,BRK,75,53,31.8,3,7.8,0.389,2.1,5.5,0.392,0.9,2.3,0.382,0.527,0.7,0.9,0.725,0.7,4.3,5.1,3.7,0.8,0.7,1.5,3.2,8.9,onealro01
365,Chuma Okeke,SF,24,ORL,24,7,17.8,1.5,4,0.365,0.9,2.8,0.313,0.6,1.2,0.483,0.474,0.7,0.9,0.762,0.9,2.5,3.4,1.1,0.5,0.4,0.5,1.5,4.5,okekech01
366,Josh Okogie,SG,24,PHO,69,23,18.4,2.2,5.6,0.398,0.9,2.7,0.337,1.3,2.9,0.453,0.478,1.8,2.5,0.718,1.5,1.9,3.4,1.4,0.8,0.5,0.9,1.6,7.2,okogijo01
367,Onyeka Okongwu,C,22,ATL,78,17,23.1,3.9,6.2,0.639,0,0.1,0.3,3.9,6.1,0.646,0.642,1.9,2.5,0.784,2.7,4.5,7.2,1,0.7,1.3,1,3.2,9.9,okongon01
368,Isaac Okoro,SF,22,CLE,76,46,21.7,2.3,4.7,0.494,0.8,2.3,0.363,1.5,2.4,0.617,0.582,1,1.4,0.757,0.7,1.8,2.5,1.1,0.7,0.4,0.6,2.1,6.4,okorois01
369,KZ Okpala,PF,23,SAC,35,3,7.1,0.5,1.1,0.421,0.2,0.6,0.333,0.3,0.5,0.529,0.513,0.2,0.2,0.875,0.2,0.8,1,0.4,0.2,0.2,0.2,1.1,1.3,okpalkz01
370,Victor Oladipo,SG,30,MIA,40,2,26.4,3.6,9.2,0.387,1.5,4.7,0.309,2.1,4.5,0.469,0.466,1.5,1.9,0.773,0.4,2.7,3.1,3.4,1.3,0.3,2,2.3,10,oladivi01
371,Kelly Olynyk,C,31,UTA,66,66,28.5,4,8.1,0.493,1.4,3.5,0.391,2.6,4.6,0.569,0.577,2.9,3.4,0.857,1.2,4.9,6.1,3.6,0.9,0.5,2.4,3.5,12.2,olynyke01
372,Eugene Omoruyi,SF,25,TOT,40,6,16.1,2.5,5.7,0.443,0.6,2.2,0.281,1.9,3.5,0.547,0.498,1.3,1.9,0.68,1.1,1.7,2.8,0.7,0.7,0.1,0.9,2.3,7,omorueu01
372,Eugene Omoruyi,SF,25,OKC,23,2,11.8,1.9,4.1,0.468,0.3,1.3,0.258,1.6,2.7,0.571,0.511,0.7,1.2,0.607,1,1.3,2.3,0.5,0.6,0,0.7,2,4.9,omorueu01
372,Eugene Omoruyi,SF,25,DET,17,4,21.9,3.4,7.9,0.425,1,3.4,0.293,2.4,4.5,0.526,0.489,2,2.8,0.723,1.2,2.2,3.5,1,0.8,0.2,1.1,2.6,9.7,omorueu01
373,Cedi Osman,SF,27,CLE,75,0,20.1,3.1,6.9,0.448,1.5,4.1,0.367,1.6,2.8,0.564,0.556,1,1.4,0.692,0.3,1.9,2.3,1.5,0.5,0.1,0.7,1.6,8.6,osmande01
374,Kelly Oubre Jr.,SF,27,CHO,48,40,32.3,7.4,17.1,0.431,2.3,7.1,0.319,5.1,10,0.51,0.497,3.3,4.3,0.76,1.4,3.8,5.2,1.1,1.4,0.4,1.3,2.9,20.3,oubreke01
375,Chris Paul,PG,37,PHO,58,58,31.9,4.9,11.3,0.436,1.6,4.3,0.365,3.3,7,0.48,0.506,2.3,2.8,0.831,0.4,3.8,4.2,9,1.6,0.4,1.9,2.2,13.7,paulch01
376,Cameron Payne,PG,28,PHO,46,14,20.6,4,9.5,0.416,1.5,3.9,0.372,2.5,5.6,0.446,0.492,1,1.3,0.758,0.3,2,2.3,4.5,0.7,0.2,1.7,1.8,10.4,payneca01
377,Gary Payton II,PG,30,TOT,20,1,16.3,1.8,3,0.583,0.6,1.2,0.478,1.2,1.9,0.649,0.675,0.3,0.4,0.857,1,1.8,2.8,1.3,0.9,0.2,0.7,1.8,4.4,paytoga02
377,Gary Payton II,PG,30,POR,15,1,17,1.6,2.7,0.585,0.6,1.1,0.529,1,1.6,0.625,0.695,0.3,0.3,1,0.7,1.9,2.6,1.5,1.1,0.1,0.8,1.9,4.1,paytoga02
377,Gary Payton II,PG,30,GSW,5,0,14.2,2.2,3.8,0.579,0.4,1.2,0.333,1.8,2.6,0.692,0.632,0.4,0.6,0.667,2,1.4,3.4,0.8,0.4,0.4,0.2,1.2,5.2,paytoga02
378,Theo Pinson,SG,27,DAL,38,0,6.6,0.5,1.6,0.328,0.4,1.2,0.341,0.1,0.4,0.294,0.451,0.2,0.3,0.818,0.2,0.9,1.1,0.8,0.1,0,0.3,0.7,1.7,pinsoth01
379,Scotty Pippen Jr.,PG,22,LAL,6,0,5.3,0.7,2,0.333,0.2,0.5,0.333,0.5,1.5,0.333,0.375,0.8,1.5,0.556,0.3,0.3,0.7,0.3,0.3,0.2,0.3,0.5,2.3,pippesc02
380,Mason Plumlee,C,32,TOT,77,60,26.1,4.2,6.2,0.677,0,0,,4.2,6.2,0.677,0.677,2.5,4,0.633,2.9,6.1,9,3.1,0.6,0.6,1.5,2.7,10.9,plumlma01
380,Mason Plumlee,C,32,CHO,56,56,28.5,4.7,7.1,0.669,0,0,,4.7,7.1,0.669,0.669,2.8,4.6,0.605,3.3,6.3,9.7,3.7,0.6,0.6,1.6,2.9,12.2,plumlma01
380,Mason Plumlee,C,32,LAC,21,4,19.8,2.7,3.7,0.718,0,0,,2.7,3.7,0.718,0.718,1.9,2.5,0.769,1.8,5.4,7.2,1.7,0.5,0.5,1.4,2.3,7.2,plumlma01
381,Jakob Poeltl,C,27,TOT,70,69,26.8,5.5,8.7,0.632,0,0,0,5.5,8.7,0.633,0.632,1.7,2.8,0.593,3.3,5.8,9.2,2.8,0.9,1.2,1.8,2.7,12.7,poeltja01
381,Jakob Poeltl,C,27,SAS,46,46,26.1,5.2,8.4,0.616,0,0,0,5.2,8.4,0.618,0.616,1.7,2.8,0.605,3.3,5.7,9,3.1,0.8,1.1,2.1,2.6,12.1,poeltja01
381,Jakob Poeltl,C,27,TOR,24,23,28.1,6.1,9.2,0.661,0,0,,6.1,9.2,0.661,0.661,1.7,2.9,0.571,3.4,6,9.4,2.3,1.2,1.4,1.2,3,13.8,poeltja01
382,Aleksej Pokusevski,PF,21,OKC,34,25,20.6,3.2,7.3,0.434,1.1,3.1,0.365,2.1,4.3,0.483,0.51,0.6,1,0.629,1.3,3.4,4.7,1.9,0.6,1.3,1.3,1.7,8.1,pokusal01
383,Jordan Poole,PG,23,GSW,80,43,30.3,6.8,15.7,0.431,2.6,7.8,0.335,4.2,7.9,0.526,0.515,4.4,5,0.871,0.4,2.3,2.7,4.5,0.8,0.3,3.1,2.6,20.6,poolejo01
384,Kevin Porter Jr.,PG,22,HOU,58,58,34.2,6.6,15,0.441,2.4,6.6,0.366,4.2,8.5,0.499,0.521,3.4,4.3,0.782,1.3,4.1,5.4,5.7,1.4,0.3,3.2,2.6,19,porteke02
385,Michael Porter Jr.,SF,24,DEN,61,61,29.1,6.4,13.2,0.488,3,7.3,0.416,3.4,5.9,0.578,0.603,1.6,2,0.8,1,4.5,5.5,1,0.6,0.5,1.1,1.9,17.5,portemi01
386,Otto Porter Jr.,SF,29,TOR,8,2,18.3,1.9,3.8,0.5,0.8,2.1,0.353,1.1,1.6,0.692,0.6,1,1,1,0.8,1.6,2.4,1,1.4,0,0.5,0.9,5.5,porteot01
387,Bobby Portis,PF,27,MIL,69,21,26.1,5.7,11.4,0.496,1.3,3.7,0.368,4.3,7.8,0.556,0.554,1.4,1.8,0.768,2.2,7.4,9.7,1.5,0.4,0.2,1.1,1.7,14.1,portibo01
388,Kristaps Porziņģis,C,27,WAS,65,65,32.6,7.8,15.7,0.498,2.1,5.5,0.385,5.7,10.2,0.559,0.565,5.4,6.4,0.851,1.8,6.6,8.4,2.7,0.9,1.5,2.1,3,23.2,porzikr01
389,Micah Potter,PF,24,UTA,5,0,5.4,1.2,1.6,0.75,0.4,0.6,0.667,0.8,1,0.8,0.875,0,0,,0.2,0.4,0.6,0.6,0,0,0.2,0.6,2.8,pottemi01
390,Dwight Powell,C,31,DAL,75,63,19.3,2.6,3.6,0.732,0,0.1,0,2.6,3.5,0.746,0.732,1.5,2.2,0.667,2,2.2,4.1,0.9,0.6,0.3,0.9,2.8,6.7,poweldw01
391,Norman Powell,SG,29,LAC,58,8,26,5.5,11.6,0.476,2,4.9,0.404,3.6,6.8,0.528,0.561,3.6,4.5,0.815,0.4,2.5,2.9,1.8,0.8,0.3,1.7,2.1,16.7,powelno01
392,Jason Preston,PG,23,LAC,13,0,9.4,1.4,3.2,0.439,0.4,1.4,0.278,1,1.8,0.565,0.5,0,0.2,0,0.2,1.5,1.7,2.1,0.2,0,0.8,0.5,3.2,prestja01
393,Joshua Primo,SG,20,SAS,4,0,23.3,2.3,6.5,0.346,0.8,3,0.25,1.5,3.5,0.429,0.404,1.8,2.3,0.778,0.5,2.8,3.3,4.5,0.3,0.5,2.8,2,7,primojo01
394,Taurean Prince,SF,28,MIN,52,4,21.8,3.2,6.8,0.466,1.3,3.5,0.377,1.9,3.3,0.561,0.563,1.1,1.3,0.843,0.3,2.2,2.4,1.6,0.5,0.3,1.3,2.3,8.8,princta02
395,Payton Pritchard,PG,25,BOS,46,2,12.5,1.8,4.6,0.39,0.9,2.8,0.331,0.8,1.7,0.488,0.493,0.2,0.3,0.733,0.5,1,1.5,1,0.3,0,0.7,0.8,4.7,pritcpa01
396,Trevelin Queen,SG,25,IND,7,0,10,1,4.1,0.241,0.3,2.1,0.133,0.7,2,0.357,0.276,0.7,0.7,1,1.1,1.3,2.4,0.9,0.3,0.7,1,0.6,3,queentr01
397,Neemias Queta,C,23,SAC,4,0,6.3,1.5,2,0.75,0,0,,1.5,2,0.75,0.75,0,0.5,0,1,1.3,2.3,0.3,0,0.3,0.3,1.8,3,quetane01
398,Immanuel Quickley,PG,23,NYK,79,19,28.8,5.1,11.4,0.448,2,5.5,0.367,3.1,5.9,0.524,0.537,2.4,3,0.81,0.7,3.4,4.1,3.4,1,0.2,1.2,2,14.6,quickim01
399,Lester Quinones,SG,22,GSW,2,0,1.5,0,1,0,0,0.5,0,0,0.5,0,0,0.5,1,0.5,0,0.5,0.5,0,0,0,1,0,0.5,quinole01
400,Julius Randle,PF,28,NYK,77,77,35.5,8.5,18.6,0.459,2.8,8.3,0.343,5.7,10.3,0.553,0.536,5.2,6.9,0.757,1.8,8.1,10,4.1,0.6,0.3,2.8,3,25.1,randlju01
401,Austin Reaves,SG,24,LAL,62,20,28.7,4,7.6,0.523,1.3,3.4,0.394,2.7,4.3,0.625,0.61,3.6,4.1,0.868,0.5,2.5,3,3.3,0.5,0.3,1.6,1.7,12.9,reaveau01
402,Cam Reddish,SF,23,TOT,40,20,24.8,3.5,7.8,0.446,1.1,3.6,0.313,2.4,4.2,0.56,0.518,1.6,1.9,0.853,0.5,1.8,2.2,1.4,1,0.4,1.2,1.8,9.7,reddica01
402,Cam Reddish,SF,23,NYK,20,8,21.9,3.1,6.8,0.449,0.9,2.8,0.304,2.2,4,0.55,0.511,1.5,1.7,0.879,0.4,1.2,1.6,1,0.8,0.4,0.8,1.6,8.4,reddica01
402,Cam Reddish,SF,23,POR,20,12,27.6,3.9,8.8,0.443,1.4,4.4,0.318,2.5,4.4,0.568,0.523,1.8,2.1,0.833,0.6,2.3,2.9,1.9,1.2,0.3,1.6,2,11,reddica01
403,Davon Reed,SG,27,TOT,42,1,8.1,0.7,2,0.333,0.4,1.1,0.37,0.3,0.9,0.289,0.435,0.4,0.6,0.667,0.2,1.2,1.4,0.5,0.4,0.1,0.5,0.9,2.1,reedda01
403,Davon Reed,SG,27,DEN,35,1,9,0.7,2.3,0.313,0.5,1.3,0.364,0.3,1,0.25,0.413,0.4,0.6,0.75,0.3,1.3,1.6,0.5,0.4,0.1,0.6,1,2.3,reedda01
403,Davon Reed,SG,27,LAL,7,0,3.7,0.4,0.6,0.75,0.1,0.3,0.5,0.3,0.3,1,0.875,0.1,0.6,0.25,0.1,0.4,0.6,0.6,0.3,0,0,0.4,1.1,reedda01
404,Paul Reed,C,23,PHI,66,0,10.5,1.7,2.8,0.594,0,0.1,0,1.7,2.8,0.607,0.594,0.5,0.7,0.735,1.6,2.1,3.7,0.4,0.6,0.7,0.6,1.8,3.9,reedpa01
405,Naz Reid,C,23,MIN,68,11,18.4,4.6,8.5,0.537,1.1,3.2,0.346,3.5,5.3,0.653,0.602,1.3,1.9,0.677,1.1,3.8,4.9,1.1,0.6,0.8,1.4,2.6,11.5,reidna01
406,Jared Rhoden,SG,23,DET,12,0,10.8,0.8,2.3,0.37,0.2,1.1,0.154,0.7,1.2,0.571,0.407,0.5,0.5,1,0.8,1.3,2.1,0.3,0.2,0,0.3,1.4,2.3,rhodeja01
407,Nick Richards,C,25,CHO,63,9,18.7,3.1,4.9,0.629,0,0,1,3,4.9,0.627,0.63,2,2.7,0.744,2.3,4.1,6.4,0.6,0.2,1,0.9,2.4,8.2,richani01
408,Josh Richardson,SG,29,TOT,63,10,23.5,3.8,8.7,0.435,1.7,4.6,0.369,2.1,4.1,0.508,0.532,1.1,1.3,0.852,0.6,2,2.7,2.7,1,0.3,1.3,1.8,10.3,richajo01
408,Josh Richardson,SG,29,SAS,42,6,23.7,4.2,9.7,0.436,1.8,4.9,0.357,2.5,4.7,0.518,0.527,1.3,1.4,0.883,0.7,2.1,2.8,3.3,1,0.3,1.5,1.7,11.5,richajo01
408,Josh Richardson,SG,29,NOP,21,4,23.1,2.9,6.6,0.432,1.5,3.8,0.4,1.3,2.8,0.475,0.547,0.8,1,0.762,0.4,1.9,2.3,1.7,1.2,0.4,1,2.1,8,richajo01
409,Austin Rivers,SG,30,MIN,52,10,19.5,1.8,4,0.435,0.8,2.4,0.35,0.9,1.7,0.558,0.538,0.6,0.8,0.769,0.1,1.5,1.6,1.4,0.5,0.1,0.4,1.5,4.9,riverau01
410,Duncan Robinson,SF,28,MIA,39,0,16,2,5.4,0.368,1.5,4.4,0.335,0.5,1,0.513,0.505,0.6,0.7,0.923,0.2,1.4,1.6,1,0.3,0,0.6,1.7,6.1,robindu01
411,Mitchell Robinson,C,24,NYK,58,57,27,3.2,4.7,0.681,0,0,,3.2,4.7,0.681,0.681,1,2,0.492,4.4,4.9,9.2,0.9,0.9,1.8,0.7,2.7,7.3,robinmi01
412,Orlando Robinson,C,22,MIA,29,1,13.7,1.6,3,0.535,0,0.2,0,1.6,2.8,0.568,0.535,0.7,1,0.724,1.5,2.6,4.1,0.7,0.4,0.4,0.5,1.8,3.9,robinor01
413,Jeremiah Robinson-Earl,PF,22,OKC,41,19,18.8,2.6,5.7,0.455,0.9,2.6,0.333,1.8,3.2,0.554,0.53,0.8,1,0.825,1.7,2.5,4.2,1,0.6,0.3,0.5,1.6,6.9,robinje02
414,Isaiah Roby,PF,24,SAS,42,2,11.3,1.6,3.7,0.432,0.4,1.4,0.3,1.2,2.3,0.516,0.49,0.5,1,0.488,0.5,2,2.5,0.9,0.4,0.2,0.7,1.3,4.1,robyis01
415,David Roddy,PF,21,MEM,68,3,17.6,2.5,5.8,0.433,0.9,3,0.31,1.6,2.9,0.562,0.513,0.6,1,0.631,0.7,2,2.8,0.8,0.4,0.3,0.8,1.5,6.6,roddyda01
416,Ryan Rollins,PG,20,GSW,12,0,5.2,0.6,1.7,0.35,0.3,0.8,0.333,0.3,0.9,0.364,0.425,0.5,0.5,1,0.3,0.8,1,0.5,0.1,0.1,1.3,0.8,1.9,rolliry01
417,Derrick Rose,PG,34,NYK,27,0,12.5,2.3,5.9,0.384,0.7,2.3,0.302,1.6,3.6,0.438,0.443,0.4,0.4,0.917,0.3,1.2,1.5,1.7,0.3,0.2,0.8,0.7,5.6,rosede01
418,Terrence Ross,SG,31,TOT,60,9,20.9,3.1,7.3,0.43,1.5,4.1,0.372,1.6,3.1,0.505,0.536,0.4,0.5,0.781,0.4,2.1,2.4,1.4,0.6,0.2,0.7,1.5,8.2,rosste01
418,Terrence Ross,SG,31,ORL,42,9,22.5,3.1,7.1,0.431,1.5,3.8,0.381,1.6,3.3,0.489,0.533,0.4,0.5,0.75,0.2,1.8,2,1.3,0.6,0.2,0.9,1.3,8,rosste01
418,Terrence Ross,SG,31,PHO,18,0,17.3,3.2,7.6,0.426,1.7,4.8,0.356,1.5,2.7,0.551,0.54,0.6,0.7,0.833,0.6,2.7,3.3,1.7,0.5,0.1,0.3,2.2,8.7,rosste01
419,Terry Rozier,SG,28,CHO,63,63,35.3,7.8,18.9,0.415,2.6,8,0.327,5.2,10.8,0.48,0.484,2.8,3.5,0.809,0.8,3.3,4.1,5.1,1.2,0.3,2.1,1.9,21.1,roziete01
420,Ricky Rubio,PG,32,CLE,31,0,16.7,1.8,5.2,0.356,0.6,2.5,0.263,1.2,2.7,0.44,0.419,0.8,1.1,0.788,0.3,1.8,2,3.3,0.8,0.2,0.9,1.5,5.2,rubiori01
421,D'Angelo Russell,PG,26,TOT,69,69,32.4,6.2,13.3,0.467,2.7,6.9,0.391,3.6,6.5,0.547,0.567,2.6,3.1,0.831,0.5,2.5,3,6.2,1,0.4,2.6,2,17.7,russeda01
421,D'Angelo Russell,PG,26,MIN,54,54,32.9,6.3,13.5,0.465,2.7,7,0.391,3.5,6.4,0.546,0.567,2.6,3.1,0.856,0.5,2.5,3.1,6.2,1.1,0.4,2.7,2.2,17.9,russeda01
421,D'Angelo Russell,PG,26,LAL,15,15,30.6,6.1,12.9,0.474,2.5,6.3,0.394,3.7,6.7,0.55,0.57,2.3,3.1,0.739,0.5,2.5,3,6.3,0.7,0.5,2.1,1.3,17,russeda01
422,Matt Ryan,SF,25,TOT,33,0,9.3,1.2,3.2,0.374,1,2.5,0.386,0.2,0.7,0.333,0.523,0.3,0.4,0.833,0.1,0.7,0.8,0.5,0.2,0,0.2,0.8,3.7,ryanma01
422,Matt Ryan,SF,25,LAL,12,0,10.8,1.3,4.1,0.306,1.1,2.9,0.371,0.2,1.2,0.143,0.439,0.3,0.4,0.8,0.2,1,1.2,0.3,0.2,0,0.3,1.2,3.9,ryanma01
422,Matt Ryan,SF,25,MIN,21,0,8.4,1.2,2.8,0.431,0.9,2.3,0.396,0.3,0.5,0.6,0.595,0.3,0.3,0.857,0.1,0.5,0.6,0.5,0.1,0,0.2,0.6,3.6,ryanma01
423,Domantas Sabonis,C,26,SAC,78,78,34.8,7.3,11.9,0.615,0.4,1.1,0.373,6.9,10.8,0.638,0.631,4.1,5.6,0.743,3.2,9.2,12.4,7.3,0.8,0.5,2.9,3.6,19.2,sabondo01
424,Luka Šamanić,PF,23,UTA,4,1,17.5,2.5,5.3,0.476,1,3,0.333,1.5,2.3,0.667,0.571,1.3,1.5,0.833,0,4.3,4.3,1.8,0.8,0.5,1.3,2.3,7.3,samanlu01
425,Dario Šarić,PF,28,TOT,56,12,14,2.2,4.8,0.457,0.8,2,0.387,1.4,2.8,0.506,0.537,1.1,1.3,0.824,0.9,2.6,3.5,1.3,0.3,0.1,1,1.8,6.2,saricda01
425,Dario Šarić,PF,28,PHO,37,12,14.4,2.1,4.8,0.427,0.7,1.9,0.391,1.3,2.9,0.45,0.503,1,1.2,0.818,1.1,2.8,3.8,1.5,0.4,0.1,1,1.9,5.8,saricda01
425,Dario Šarić,PF,28,OKC,19,0,13.2,2.4,4.7,0.517,0.8,2.2,0.381,1.6,2.5,0.638,0.607,1.3,1.6,0.833,0.6,2.3,2.9,0.8,0.3,0,1,1.5,7,saricda01
426,Olivier Sarr,C,23,OKC,7,0,10,0.7,2.1,0.333,0.1,0.9,0.167,0.6,1.3,0.444,0.367,0.4,0.4,1,1.4,0.9,2.3,0.4,0,0.7,0.4,1.6,2,sarrol01
427,Jordan Schakel,SF,24,WAS,2,0,3,0.5,1,0.5,0.5,0.5,1,0,0.5,0,0.75,0,0,,0,0,0,0.5,0.5,0,0,0.5,1.5,schakjo01
428,Admiral Schofield,PF,25,ORL,34,0,11.5,1.4,3,0.471,0.6,1.9,0.349,0.8,1.1,0.667,0.578,0.5,0.6,0.895,0.6,1.1,1.6,0.8,0.2,0.1,0.2,1.6,4,schofad01
429,Dennis Schröder,PG,29,LAL,66,50,30.1,4.1,9.8,0.415,1.1,3.4,0.329,3,6.4,0.461,0.472,3.3,3.8,0.857,0.3,2.2,2.5,4.5,0.8,0.2,1.7,2.2,12.6,schrode01
430,Jay Scrubb,SG,22,ORL,1,0,3,1,1,1,0,0,,1,1,1,1,0,0,,0,1,1,0,0,0,0,1,2,scrubja01
431,Dereon Seabron,SG,22,NOP,5,0,2.4,0.4,1,0.4,0,0,,0.4,1,0.4,0.4,0,0,,0.2,0,0.2,0,0,0,0,0.2,0.8,seabrde01
432,Alperen Şengün,C,20,HOU,73,70,29,5.9,10.7,0.556,0.2,0.8,0.321,5.7,9.9,0.574,0.567,2.7,3.8,0.711,3.2,5.6,8.8,3.9,0.9,0.9,2.5,3.4,14.8,sengual01
433,Collin Sexton,SG,24,UTA,48,15,23.9,4.9,9.8,0.506,1,2.5,0.393,3.9,7.2,0.546,0.558,3.4,4.1,0.819,0.8,1.4,2.2,2.9,0.6,0.1,1.8,2.3,14.3,sextoco01
434,Landry Shamet,SG,25,PHO,37,7,20.5,2.8,7.5,0.378,1.9,5.1,0.374,0.9,2.5,0.385,0.504,1.2,1.3,0.878,0.3,1.3,1.6,2.2,0.6,0.1,0.9,1.6,8.7,shamela01
435,Day'Ron Sharpe,C,21,BRK,46,2,11.2,1.9,3.5,0.546,0.1,0.2,0.545,1.8,3.3,0.546,0.564,0.7,1.1,0.615,2.1,2,4.1,0.7,0.3,0.6,0.9,1.8,4.7,sharpda01
436,Shaedon Sharpe,SG,19,POR,78,13,22,3.7,7.8,0.474,1.2,3.4,0.365,2.5,4.4,0.558,0.553,0.9,1.3,0.707,0.8,2.1,2.9,1.1,0.4,0.3,1,1.7,9.6,sharpsh01
437,Pascal Siakam,C,28,TOR,70,70,37.5,8.9,18.5,0.479,1.3,4.1,0.324,7.6,14.5,0.523,0.515,5.2,6.7,0.773,1.9,6,7.9,5.9,0.9,0.5,2.4,3.2,24.3,siakapa01
438,Chris Silva,PF,26,DAL,1,0,3,1,1,1,0,0,,1,1,1,1,0,0,,0,0,0,0,0,0,1,2,2,silvach01
439,Ben Simmons,PG,26,BRK,42,33,26.3,3.2,5.6,0.566,0,0,0,3.2,5.5,0.571,0.566,0.6,1.4,0.439,1,5.3,6.3,6.1,1.3,0.6,2.3,3.3,6.9,simmobe01
440,Kobi Simmons,PG,25,CHO,3,0,5.7,0.3,1.7,0.2,0.3,1.3,0.25,0,0.3,0,0.3,0.7,0.7,1,0,0.3,0.3,0.7,0,0.3,0.3,0,1.7,simmoko01
441,Marko Simonovic,C,23,CHI,6,0,1.8,0.2,0.7,0.25,0,0.3,0,0.2,0.3,0.5,0.25,0,0,,0.2,0,0.2,0,0,0,0,0.3,0.3,simonma01
442,Anfernee Simons,SG,23,POR,62,62,35,7.5,16.9,0.447,3.4,9.1,0.377,4.1,7.8,0.528,0.548,2.6,2.9,0.894,0.3,2.3,2.6,4.1,0.7,0.2,2.1,2.3,21.1,simonan01
443,Jericho Sims,C,24,NYK,51,16,15.4,1.6,2,0.769,0,0,0,1.6,2,0.777,0.769,0.2,0.3,0.75,1.9,2.7,4.6,0.5,0.3,0.5,0.5,1.8,3.4,simsje01
444,Marcus Smart,PG,28,BOS,61,61,32.1,4.1,9.9,0.415,1.9,5.6,0.336,2.2,4.3,0.519,0.511,1.4,1.9,0.746,0.8,2.4,3.1,6.3,1.5,0.4,2.3,2.8,11.5,smartma01
445,Dennis Smith Jr.,PG,25,CHO,54,15,25.7,3.4,8.4,0.412,0.4,2.1,0.216,3,6.3,0.475,0.438,1.4,2,0.736,0.5,2.6,3.1,4.8,1.4,0.5,1.5,2.3,8.8,smithde03
446,Dru Smith,SG,25,TOT,13,1,10.2,1.4,3.1,0.45,0.4,1.5,0.263,1,1.6,0.619,0.513,0.1,0.1,1,0.2,1.3,1.5,1.2,0.7,0.3,0.2,1.3,3.2,smithdr01
446,Dru Smith,SG,25,MIA,5,1,13.4,1,2.8,0.357,0.2,1.2,0.167,0.8,1.6,0.5,0.393,0,0,,0.2,1.6,1.8,1,0.8,0.6,0.2,2,2.2,smithdr01
446,Dru Smith,SG,25,BRK,8,0,8.1,1.6,3.3,0.5,0.5,1.6,0.308,1.1,1.6,0.692,0.577,0.1,0.1,1,0.1,1.1,1.3,1.4,0.6,0.1,0.1,0.9,3.9,smithdr01
447,Ish Smith,PG,34,DEN,40,0,8.6,1.1,2.8,0.402,0.1,0.2,0.25,1.1,2.6,0.413,0.411,0,0.1,0.5,0.1,1.1,1.2,2.1,0.2,0.2,1,0.8,2.3,smithis01
448,Jabari Smith Jr.,PF,19,HOU,77,77,31,4.6,11.3,0.405,1.5,5,0.306,3,6.3,0.483,0.472,2,2.6,0.783,1.6,5.7,7.3,1.3,0.5,0.9,1.3,2.9,12.7,smithja05
449,Jalen Smith,PF,22,IND,68,31,18.8,3.6,7.5,0.476,0.8,2.8,0.283,2.8,4.7,0.593,0.53,1.5,2,0.759,1.9,3.9,5.8,1,0.3,0.9,1.1,2.3,9.4,smithja04
450,Xavier Sneed,SF,25,CHO,3,0,12.3,1.3,2.3,0.571,1,1.7,0.6,0.3,0.7,0.5,0.786,1.3,1.3,1,0,1.3,1.3,1.3,0,0.3,1,1.7,5,sneedxa01
451,Jeremy Sochan,PF,19,SAS,56,53,26,4.5,9.9,0.453,0.6,2.4,0.246,3.9,7.5,0.519,0.483,1.4,2.1,0.698,1.7,3.6,5.3,2.5,0.8,0.4,1.7,2.5,11,sochaje01
452,Jaden Springer,SG,20,PHI,14,0,3.8,0.6,1.6,0.409,0,0.1,0,0.6,1.4,0.45,0.409,0.4,0.4,0.833,0.4,0.5,0.9,0.4,0.4,0.1,0.1,0.6,1.6,sprinja01
453,Lamar Stevens,PF,25,CLE,60,24,17.8,2.1,4.5,0.454,0.5,1.5,0.311,1.6,3,0.525,0.506,0.7,0.9,0.709,0.8,2.5,3.3,0.5,0.4,0.3,0.4,1.3,5.2,stevela01
454,Isaiah Stewart,C,21,DET,50,47,28.3,3.9,8.8,0.442,1.3,4.1,0.327,2.6,4.7,0.542,0.518,2.2,3,0.738,2.3,5.8,8.1,1.4,0.4,0.7,1.4,2.7,11.3,stewais01
455,Max Strus,SF,26,MIA,77,30,28.7,4.1,10,0.41,2.5,7.1,0.347,1.6,2.9,0.563,0.533,1,1.2,0.876,0.6,2.7,3.3,2.1,0.5,0.1,0.9,2.1,11.7,strusma01
456,Jalen Suggs,PG,21,ORL,50,16,23.8,3.5,8.3,0.42,1.2,3.7,0.315,2.3,4.6,0.504,0.49,1.6,2.3,0.711,1,1.9,2.9,3,1.3,0.5,1.8,2.3,9.7,suggsja01
457,Edmond Sumner,SG,27,BRK,52,12,14.1,2.4,5.2,0.461,0.6,1.7,0.356,1.8,3.5,0.511,0.519,1.9,2,0.925,0.2,1.3,1.5,1.3,0.6,0.2,1,1.6,7.3,sumneed01
458,Cole Swider,SF,23,LAL,6,0,6.7,0.5,1.5,0.333,0.5,1.3,0.375,0,0.2,0,0.5,0,0,,0.2,1,1.2,0.7,0,0,0,0.5,1.5,swideco01
459,Jae'Sean Tate,SF,27,HOU,31,7,21.8,3.5,7.4,0.48,0.4,1.5,0.283,3.1,5.9,0.53,0.509,1.6,2.2,0.725,1.3,2.5,3.8,2.7,0.7,0.2,1.5,3.4,9.1,tateja01
460,Jayson Tatum,PF,24,BOS,73,73,37.2,9.9,21.2,0.465,3.3,9.3,0.352,6.6,11.9,0.554,0.543,7.2,8.4,0.855,1.1,7.8,8.8,4.6,1.1,0.7,2.9,2.2,30.2,tatumja01
461,Terry Taylor,PF,23,TOT,29,2,8.2,1.1,2.3,0.485,0.2,0.7,0.263,1,1.7,0.571,0.522,0.2,0.2,0.714,0.8,0.6,1.4,0.3,0.1,0.2,0.3,0.9,2.6,taylote01
461,Terry Taylor,PF,23,IND,26,2,8.8,1.2,2.5,0.462,0.2,0.7,0.222,1,1.8,0.553,0.492,0.2,0.3,0.714,0.8,0.7,1.5,0.4,0.1,0.2,0.3,0.9,2.7,taylote01
461,Terry Taylor,PF,23,CHI,3,0,3,1,1,1,0.3,0.3,1,0.7,0.7,1,1.167,0,0,,0.3,0,0.3,0,0,0,0,0.3,2.3,taylote01
462,Garrett Temple,SG,36,NOP,25,0,6.5,0.7,1.8,0.4,0.4,1,0.423,0.3,0.8,0.368,0.522,0.1,0.2,0.75,0.2,0.5,0.7,0.5,0.4,0.1,0.2,0.6,2,templga01
463,Dalen Terry,SG,20,CHI,36,0,5.1,0.7,1.6,0.464,0.2,0.6,0.333,0.5,1,0.543,0.527,0.2,0.4,0.533,0.3,0.6,0.9,0.6,0.2,0.1,0.2,0.5,1.9,terryda01
464,Daniel Theis,C,30,IND,7,1,15.6,3,6.3,0.477,0.3,1.6,0.182,2.7,4.7,0.576,0.5,0.7,1.7,0.417,1,2.1,3.1,1.3,0.3,0.9,0.4,1,7,theisda01
465,Cam Thomas,SG,21,BRK,56,3,16.2,3.3,7.6,0.433,0.8,2.2,0.36,2.5,5.4,0.464,0.486,2.6,3,0.861,0.1,1.5,1.7,1.4,0.3,0.1,1.1,1,10,thomaca02
466,Klay Thompson,SG,32,GSW,67,67,33.2,7.9,18.2,0.433,4.3,10.6,0.407,3.6,7.6,0.469,0.552,1.7,1.9,0.877,0.6,3.6,4.2,2.4,0.7,0.4,1.8,1.9,21.8,thompkl01
467,JT Thor,PF,20,CHO,67,6,13.6,1.4,3.3,0.412,0.5,1.7,0.319,0.8,1.6,0.509,0.493,0.4,0.6,0.674,0.5,1.6,2.1,0.5,0.3,0.3,0.6,1,3.7,thorjt01
468,Matisse Thybulle,SG,25,TOT,71,28,16.9,1.5,3.6,0.435,0.8,2.1,0.365,0.8,1.5,0.533,0.542,0.3,0.4,0.679,0.6,1.4,2,0.7,1.2,0.5,0.3,1.6,4.1,thybuma01
468,Matisse Thybulle,SG,25,PHI,49,6,12.1,1,2.4,0.431,0.4,1.3,0.333,0.6,1.1,0.547,0.522,0.2,0.2,0.75,0.4,0.9,1.3,0.5,0.9,0.3,0.2,1.3,2.7,thybuma01
468,Matisse Thybulle,SG,25,POR,22,22,27.7,2.7,6.2,0.438,1.5,3.9,0.388,1.2,2.4,0.519,0.558,0.5,0.7,0.625,0.9,2.6,3.5,1.4,1.7,0.8,0.7,2.2,7.4,thybuma01
469,Xavier Tillman Sr.,PF,24,MEM,60,29,19.4,3.1,5,0.615,0.1,0.3,0.267,3,4.7,0.634,0.622,0.8,1.5,0.551,2,3,5,1.6,0.9,0.5,0.7,1.6,7,tillmxa01
470,Isaiah Todd,PF,21,WAS,5,0,3.2,0.2,1,0.2,0,0.6,0,0.2,0.4,0.5,0.2,0,0,,0,0,0,0,0,0,0.2,0,0.4,toddis01
471,Obi Toppin,PF,24,NYK,65,3,15.2,2.6,6,0.439,1.2,3.6,0.339,1.4,2.4,0.591,0.541,0.5,0.6,0.81,0.4,2.3,2.7,0.9,0.3,0.2,0.6,1,7,toppiob01
472,Juan Toscano-Anderson,SF,29,TOT,49,8,12.9,1.2,2.4,0.492,0.1,0.7,0.212,1.1,1.8,0.598,0.521,0.3,0.4,0.789,0.5,1.8,2.3,1.1,0.3,0.2,0.7,1.5,2.9,toscaju01
472,Juan Toscano-Anderson,SF,29,LAL,30,7,12.2,1.1,2.2,0.5,0.1,0.7,0.2,1,1.5,0.63,0.53,0.4,0.5,0.733,0.5,1.6,2,0.8,0.3,0.2,0.6,1.5,2.7,toscaju01
472,Juan Toscano-Anderson,SF,29,UTA,19,1,14,1.4,2.8,0.481,0.2,0.7,0.231,1.2,2.2,0.561,0.509,0.2,0.2,1,0.5,2.3,2.7,1.5,0.2,0.1,0.8,1.5,3.1,toscaju01
473,Karl-Anthony Towns,PF,27,MIN,27,27,33.1,7.1,14.4,0.492,2,5.6,0.353,5.1,8.9,0.579,0.56,4.2,4.8,0.876,1.7,6.4,8.1,4.8,0.7,0.5,3,3.9,20.4,townska01
474,Gary Trent Jr.,SG,24,TOR,64,43,32.3,6.2,14.3,0.432,2.5,6.9,0.369,3.6,7.4,0.49,0.521,2.6,3.1,0.838,0.5,2.2,2.6,1.6,1.6,0.2,0.8,1.6,17.4,trentga02
475,P.J. Tucker,PF,37,PHI,74,74,25.6,1.3,3,0.426,0.7,1.9,0.396,0.5,1.1,0.476,0.549,0.3,0.3,0.826,1.3,2.7,3.9,0.8,0.5,0.2,0.6,2.4,3.6,tuckepj01
476,Myles Turner,C,26,IND,62,62,29.4,6.5,11.8,0.548,1.5,4,0.373,5,7.8,0.638,0.612,3.5,4.5,0.783,1.4,6.1,7.5,1.4,0.6,2.3,1.7,3.5,18,turnemy01
477,Stanley Umude,SG,23,DET,1,0,2,0,1,0,0,1,0,0,0,,0,2,2,1,0,0,0,0,1,1,0,0,2,umudest01
478,Jonas Valančiūnas,C,30,NOP,77,77,24.9,5.7,10.3,0.551,0.5,1.4,0.349,5.2,8.9,0.582,0.574,2.4,2.9,0.824,2.9,7.2,10.1,1.8,0.3,0.6,2,3.1,14.2,valanjo01
479,Jarred Vanderbilt,PF,23,TOT,76,63,24.3,3.2,5.8,0.548,0.4,1.2,0.326,2.8,4.6,0.603,0.58,1.2,1.8,0.686,2.2,5.3,7.6,2.4,1.1,0.3,1.3,2.5,8,vandeja01
479,Jarred Vanderbilt,PF,23,UTA,52,41,24.1,3.3,6,0.556,0.4,1.1,0.333,3,4.9,0.606,0.587,1.3,2,0.657,2.3,5.5,7.9,2.7,1,0.3,1.3,2.6,8.3,vandeja01
479,Jarred Vanderbilt,PF,23,LAL,24,22,24.5,2.9,5.5,0.527,0.4,1.3,0.313,2.5,4.1,0.596,0.565,1.1,1.5,0.771,2,4.9,6.9,1.7,1.3,0.3,1.2,2.3,7.3,vandeja01
480,Fred VanVleet,PG,28,TOR,68,68,36.8,6.4,16.2,0.394,3,8.8,0.342,3.4,7.4,0.457,0.487,3.7,4.1,0.896,0.4,3.7,4.1,7.2,1.8,0.6,2,2.8,19.5,vanvlfr01
481,Devin Vassell,SG,22,SAS,38,32,31,6.9,15.7,0.439,2.7,7,0.387,4.2,8.7,0.48,0.525,2.1,2.6,0.78,0.2,3.7,3.9,3.6,1.1,0.4,1.5,1.5,18.5,vassede01
482,Gabe Vincent,PG,26,MIA,65,31,26.3,3.4,8.4,0.405,1.8,5.2,0.34,1.6,3.2,0.512,0.511,1,1.2,0.883,0.4,1.7,2.2,2.4,0.9,0.1,1.4,2.3,9.7,vincega01
483,Noah Vonleh,C,27,BOS,23,1,7.4,0.5,1,0.458,0,0.2,0.25,0.4,0.9,0.5,0.479,0.1,0.1,1,0.8,1.3,2.1,0.3,0.1,0.3,0.5,1.5,1.1,vonleno01
484,Nikola Vučević,C,32,CHI,80,80,33.8,7.3,14.1,0.52,1.5,4.3,0.349,5.8,9.8,0.594,0.573,1.6,1.9,0.83,2,9.1,11.1,3.3,0.7,0.7,1.7,2.2,17.7,vucevni01
485,Dean Wade,PF,26,CLE,42,11,20.1,1.6,3.9,0.409,1,2.8,0.345,0.6,1.1,0.578,0.534,0.4,0.5,0.652,0.4,2.9,3.4,0.8,0.6,0.5,0.3,2.1,4.5,wadede01
486,Franz Wagner,SF,21,ORL,78,78,32.9,6.9,14.1,0.486,1.7,4.6,0.364,5.2,9.6,0.545,0.545,3.3,4,0.837,0.9,3.2,4.1,3.6,0.9,0.2,2.1,2.3,18.8,wagnefr01
487,Moritz Wagner,C,25,ORL,56,17,19.4,3.5,6.9,0.506,0.9,2.8,0.31,2.6,4.1,0.643,0.57,2.7,3.2,0.844,1.2,3.3,4.6,1.5,0.7,0.2,1.2,2.4,10.6,wagnemo01
488,Ish Wainright,SF,28,PHO,57,1,15,1.4,3.7,0.38,1,2.8,0.342,0.5,0.9,0.5,0.509,0.4,0.5,0.862,0.8,1.5,2.3,0.9,0.7,0.4,0.4,1.9,4.2,wainris01
489,Jabari Walker,SF,20,POR,53,0,10.4,1.4,3.3,0.42,0.3,0.9,0.32,1.1,2.3,0.46,0.466,0.6,0.7,0.769,0.8,1.4,2.3,0.6,0.2,0.2,0.5,1.2,3.6,walkeja01
490,Kemba Walker,PG,32,DAL,9,1,16,2.7,6.3,0.421,0.8,3.1,0.25,1.9,3.2,0.586,0.482,1.9,2.3,0.81,0.3,1.4,1.8,2.1,0.2,0.2,0.4,1.2,8,walkeke02
491,Lonnie Walker IV,SG,24,LAL,55,32,23.5,4.3,9.6,0.447,1.6,4.5,0.363,2.6,5.1,0.522,0.532,1.7,1.9,0.858,0.3,1.7,2,1.2,0.5,0.3,0.8,1.3,11.8,walkelo01
492,John Wall,PG,32,LAC,34,3,22.2,4.1,9.9,0.408,1,3.2,0.303,3.1,6.7,0.459,0.457,2.3,3.3,0.681,0.4,2.3,2.7,5.2,0.8,0.4,2.4,1.7,11.4,walljo01
493,T.J. Warren,PF-SF,29,TOT,42,0,16.4,3.1,6.4,0.489,0.5,1.6,0.328,2.6,4.8,0.542,0.53,0.7,0.8,0.8,0.6,2.3,2.9,1,0.5,0.3,0.5,1.5,7.5,warretj01
493,T.J. Warren,PF,29,BRK,26,0,18.8,3.9,7.7,0.51,0.6,1.8,0.333,3.3,5.8,0.566,0.55,1,1.3,0.818,0.5,2.3,2.8,1.1,0.6,0.3,0.7,1.7,9.5,warretj01
493,T.J. Warren,SF,29,PHO,16,0,12.3,1.9,4.4,0.429,0.4,1.2,0.316,1.5,3.2,0.471,0.471,0.1,0.1,0.5,0.8,2.3,3.1,0.7,0.4,0.3,0.2,1.3,4.2,warretj01
494,Duane Washington Jr.,SG,22,PHO,31,3,12.7,3,8.3,0.367,1.3,3.6,0.36,1.7,4.7,0.372,0.445,0.5,0.8,0.667,0.1,1.1,1.2,2,0.2,0.1,1.1,0.7,7.9,washidu02
495,P.J. Washington,PF,24,CHO,73,73,32.6,5.9,13.4,0.444,2,5.9,0.348,3.9,7.5,0.518,0.52,1.7,2.4,0.73,1,3.9,4.9,2.4,0.9,1.1,1.5,2.6,15.7,washipj01
496,TyTy Washington Jr.,PG,21,HOU,30,2,13.7,1.8,5.2,0.355,0.6,2.6,0.218,1.3,2.6,0.494,0.41,0.3,0.5,0.625,0.1,1.3,1.4,1.6,0.4,0.1,0.5,0.9,4.6,washity02
497,Yuta Watanabe,SF,28,BRK,56,0,15.9,2,4,0.498,1,2.3,0.453,0.9,1.7,0.558,0.628,0.6,0.8,0.733,0.5,1.9,2.4,0.8,0.4,0.3,0.4,1.4,5.6,watanyu01
498,Lindy Waters III,SG,25,OKC,39,0,12.9,1.6,4.2,0.388,1.4,3.9,0.358,0.3,0.4,0.714,0.552,0.4,0.5,0.8,0.3,1.5,1.8,0.7,0.3,0.3,0.3,1,5.1,waterli01
499,Trendon Watford,PF,22,POR,59,9,18.9,2.7,4.9,0.556,0.4,1,0.373,2.3,3.9,0.603,0.594,1.1,1.6,0.717,0.7,3.1,3.8,2,0.5,0.2,1.1,1.9,6.9,watfotr01
500,Peyton Watson,SG,20,DEN,20,0,5.9,1.2,2.1,0.548,0.3,0.6,0.545,0.9,1.6,0.548,0.619,0.1,0.2,0.25,0.3,1,1.3,0.3,0.1,0.4,0.2,0.4,2.7,watsope01
501,Blake Wesley,SG,19,SAS,34,1,17.2,1.7,5.6,0.302,0.5,1.4,0.34,1.2,4.3,0.29,0.344,0.8,1.2,0.619,0.3,1.7,2,2.5,0.6,0.1,1.7,1.8,4.6,weslebl01
502,Russell Westbrook,PG,34,TOT,71,22,29,5.8,13.5,0.433,1.2,3.9,0.305,4.6,9.6,0.486,0.478,2.8,4.3,0.655,1.1,4.7,5.8,7.5,1.1,0.5,3.5,2.3,15.7,westbru01
502,Russell Westbrook,PG,34,LAL,52,3,28.7,5.8,14,0.417,1.2,4.1,0.296,4.6,9.9,0.467,0.46,3,4.6,0.655,1.1,5,6.2,7.5,1,0.4,3.5,2.3,15.9,westbru01
502,Russell Westbrook,PG,34,LAC,19,19,30,5.8,12.1,0.485,1.2,3.5,0.333,4.7,8.6,0.546,0.533,2.3,3.5,0.652,1.1,3.6,4.7,7.6,1.2,0.5,3.5,2.1,15.1,westbru01
503,Coby White,SG,22,CHI,72,1,23.2,3.5,8,0.438,1.7,4.7,0.372,1.8,3.3,0.532,0.547,0.8,0.9,0.868,0.2,2.6,2.8,2.7,0.8,0.1,1,1.7,9.5,whiteco01
504,Derrick White,SG,28,BOS,80,68,28.6,4.3,9.4,0.461,1.9,4.8,0.382,2.5,4.5,0.544,0.559,2.1,2.3,0.877,0.6,3,3.6,3.9,0.7,1,1.1,2.2,12.5,whitede01
505,Jack White,SF,25,DEN,16,0,3.2,0.4,1,0.438,0.2,0.5,0.375,0.3,0.5,0.5,0.531,0.1,0.2,0.667,0.2,0.4,0.6,0.2,0.1,0.1,0.1,0.5,1.2,whiteja03
506,Joe Wieskamp,SF,23,TOR,7,0,4.7,0.4,1.1,0.375,0.4,1,0.429,0,0.1,0,0.563,0,0,,0,0.4,0.4,0.1,0,0,0.1,0.3,1.3,wieskjo01
507,Aaron Wiggins,SG,24,OKC,68,14,18.5,2.6,5.1,0.509,0.7,1.7,0.402,1.9,3.4,0.562,0.576,0.8,1,0.821,1,2,3,1.1,0.5,0.2,0.8,1.6,6.7,wiggiaa01
508,Andrew Wiggins,SF,27,GSW,37,37,32.2,6.8,14.3,0.473,2.4,6.1,0.396,4.4,8.2,0.53,0.557,1.2,1.9,0.611,1.6,3.4,5,2.3,1.2,0.8,1.3,2.9,17.1,wiggian01
509,Lindell Wigginton,PG,24,MIL,5,0,3.6,0.6,1.8,0.333,0,0.8,0,0.6,1,0.6,0.333,0.4,0.4,1,0,0.2,0.2,0.4,0,0,0.4,0.4,1.6,wiggili01
510,Alondes Williams,SG,23,BRK,1,0,5,0,0,,0,0,,0,0,,,0,0,,0,1,1,0,0,0,2,1,0,willial06
511,Donovan Williams,SG,21,ATL,1,0,2,0,1,0,0,1,0,0,0,,0,0,0,,0,1,1,0,0,0,0,0,0,willido02
512,Grant Williams,PF,24,BOS,77,23,26.2,2.8,6.1,0.457,1.5,3.7,0.399,1.3,2.4,0.549,0.58,1.2,1.5,0.771,1.1,3.5,4.6,1.7,0.5,0.4,1,2.5,8.3,willigr01
513,Jalen Williams,SG,21,OKC,74,61,30.4,5.5,10.6,0.523,1,2.7,0.358,4.6,7.9,0.58,0.569,2.1,2.6,0.812,1.1,3.4,4.5,3.3,1.4,0.5,1.6,2.5,14.1,willija06
514,Jaylin Williams,PF,20,OKC,48,35,18.6,2,4.7,0.434,0.9,2.3,0.398,1.1,2.5,0.466,0.529,0.8,1.1,0.704,0.9,4,4.9,1.5,0.6,0.3,0.8,2.3,5.8,willija07
515,Jeenathan Williams,SG,23,POR,2,1,21,2.5,6,0.417,0.5,2,0.25,2,4,0.5,0.458,0,0,,2,1,3,1.5,1.5,1,0.5,2,5.5,willije02
516,Kenrich Williams,PF,28,OKC,53,10,22.8,3.4,6.5,0.517,0.9,2.5,0.373,2.4,4,0.608,0.59,0.3,0.7,0.436,1.8,3.1,4.9,2,0.8,0.3,0.6,2.1,8,willike04
517,Mark Williams,C,21,CHO,41,15,18.8,3.6,5.7,0.624,0,0,,3.6,5.7,0.624,0.624,1.5,2.2,0.685,2.2,4.7,6.9,0.4,0.6,1,0.9,2.1,8.6,willima07
518,Patrick Williams,PF,21,CHI,80,64,28.3,3.8,8.2,0.465,1.4,3.4,0.413,2.4,4.8,0.501,0.55,1.1,1.3,0.863,1,3,4,1.2,0.9,0.8,1.2,1.8,10.1,willipa01
519,Robert Williams,C,25,BOS,34,19,23.5,3.6,4.9,0.745,0,0,0,3.6,4.8,0.75,0.745,0.7,1.2,0.625,3,5.3,8.3,1.4,0.6,1.3,0.9,1.9,8,williro04
520,Vince Williams Jr.,SG,22,MEM,13,0,4.2,0.4,1.3,0.294,0.2,0.9,0.167,0.2,0.4,0.6,0.353,0,0,,0.2,0.4,0.5,0.2,0.3,0.1,0.1,0.5,0.9,willivi01
521,Ziaire Williams,SF,21,MEM,36,3,14.7,2.1,4.9,0.424,0.6,2.5,0.247,1.5,2.4,0.602,0.486,0.4,0.5,0.778,0.4,1.7,2.1,0.7,0.4,0.1,1,1.6,5.2,willizi02
522,Zion Williamson,PF,22,NOP,29,29,33,9.8,16.2,0.608,0.2,0.7,0.368,9.6,15.5,0.618,0.615,6.1,8.6,0.714,2,5,7,4.6,1.1,0.6,3.4,2.2,26,willizi01
523,Dylan Windler,SF,26,CLE,3,0,3.3,0.7,1,0.667,0.3,0.7,0.5,0.3,0.3,1,0.833,0,0,,0,0,0,0.3,0.3,0,0.3,0,1.7,windldy01
524,Justise Winslow,SF,26,POR,29,11,26.8,2.8,6.8,0.409,0.5,1.6,0.311,2.3,5.3,0.438,0.444,0.7,1,0.714,1.7,3.3,5,3.4,1,0.4,1.5,3.1,6.8,winslju01
525,James Wiseman,C,21,TOT,43,20,19.4,4.3,7.6,0.561,0.1,0.5,0.2,4.2,7.2,0.584,0.567,1.5,2.1,0.703,1.6,4.3,5.9,0.7,0.2,0.6,1.1,2.4,10.1,wisemja01
525,James Wiseman,C,21,GSW,21,0,12.5,2.8,4.5,0.628,0,0.1,0.5,2.8,4.4,0.63,0.633,1.2,1.8,0.684,0.9,2.6,3.5,0.7,0.1,0.3,0.7,1.9,6.9,wisemja01
525,James Wiseman,C,21,DET,22,20,26,5.7,10.6,0.534,0.1,0.8,0.167,5.5,9.8,0.565,0.541,1.7,2.4,0.717,2.2,5.9,8.1,0.7,0.2,0.9,1.5,3,13.2,wisemja01
526,Christian Wood,C,27,DAL,67,17,25.9,5.9,11.5,0.515,1.6,4.2,0.376,4.3,7.3,0.594,0.583,3.2,4.2,0.772,1.3,6,7.3,1.8,0.4,1.1,1.8,2.5,16.6,woodch01
527,Delon Wright,PG,30,WAS,49,13,24.5,2.7,5.8,0.472,0.8,2.4,0.35,1.9,3.4,0.557,0.544,1,1.2,0.86,1.2,2.3,3.5,3.9,1.9,0.3,0.9,1.2,7.3,wrighde01
528,McKinley Wright IV,PG,24,DAL,25,1,11.3,1.4,3,0.473,0.3,0.9,0.318,1.1,2.1,0.538,0.52,0.4,0.6,0.688,0.3,1.3,1.6,2,0.3,0.2,0.7,0.8,3.5,wrighmc01
529,Gabe York,SG,29,IND,1,0,14,3,7,0.429,3,6,0.5,0,1,0,0.643,0,0,,0,1,1,1,0,0,0,0,9,yorkga01
530,Thaddeus Young,PF,34,TOR,54,9,14.7,2,3.7,0.545,0.1,0.6,0.176,1.9,3,0.622,0.561,0.3,0.5,0.692,1.3,1.8,3.1,1.4,1,0.1,0.8,1.6,4.4,youngth01
531,Trae Young,PG,24,ATL,72,72,34.7,8.2,19.1,0.429,2.1,6.3,0.337,6.1,12.8,0.474,0.484,7.7,8.7,0.886,0.8,2.2,3,10,1.1,0.1,4,1.4,26.2,youngtr01
532,Omer Yurtseven,C,24,MIA,6,0,6.2,0.8,1.5,0.556,0,0.2,0,0.8,1.3,0.625,0.556,0.3,0.5,0.667,0.7,0.8,1.5,0,0.2,0.2,0.2,1,2,yurtsom01
533,Cody Zeller,C,30,MIA,13,1,14.1,2.1,3.6,0.574,0,0.2,0,2.1,3.5,0.6,0.574,1.6,2.3,0.7,1.8,2.5,4.2,0.5,0.2,0.3,0.8,2.2,5.8,zelleco01
534,Ivica Zubac,C,25,LAC,74,74,28.7,4.3,6.7,0.631,0,0,0,4.3,6.7,0.634,0.631,2.2,3.2,0.695,3.1,6.8,10,1,0.4,1.3,1.6,2.9,10.7,zubaciv01